0.00,0.00,na,|too many login attempts:unknown device:address location banned:ip address suspicious:suspicious login attempt,
0.00,0.00,na,|too many login attempts:unknown device:address location banned:ip address suspicious:suspicious login attempt,
0.00,0.00,na,|too many login attempts:unknown device:address location banned:ip address suspicious:suspicious login attempt,
0.00,0.00,na,|too many login attempts:unknown device:address location banned:ip address suspicious:suspicious login attempt,
0.00,0.00,na,|too many login attempts:unknown device:address location banned:ip address suspicious:suspicious login attempt,
0.00,0.00,na,|too many login attempts:unknown device:address location banned:ip address suspicious:suspicious login attempt,
0.00,0.00,na,|too many login attempts:unknown device:address location banned:ip address suspicious:suspicious login attempt,
0.00,0.00,na,|too many login attempts:unknown device:address location banned:ip address suspicious:suspicious login attempt,
0.00,0.00,na,|too many login attempts:unknown device:address location banned:ip address suspicious:suspicious login attempt,
0.00,0.00,na,|too many login attempts:unknown device:address location banned:ip address suspicious:suspicious login attempt,
0.00,0.00,na,|too many login attempts:unknown device:address location banned:ip address suspicious:suspicious login attempt,
0.00,0.00,na,|too many login attempts:unknown device:address location banned:ip address suspicious:suspicious login attempt,
0.00,0.00,na,|too many login attempts:unknown device:address location banned:ip address suspicious:suspicious login attempt,
0.00,0.00,na,|too many login attempts:unknown device:address location banned:ip address suspicious:suspicious login attempt,
0.00,0.00,na,|too many login attempts:unknown device:address location banned:ip address suspicious:suspicious login attempt,
0.00,0.00,na,|too many login attempts:unknown device:address location banned:ip address suspicious:suspicious login attempt,
0.00,0.00,na,|too many login attempts:unknown device:address location banned:ip address suspicious:suspicious login attempt,
0.00,0.00,na,|too many login attempts:unknown device:address location banned:ip address suspicious:suspicious login attempt,
0.00,0.00,na,|too many login attempts:unknown device:address location banned:ip address suspicious:suspicious login attempt,
0.00,0.00,na,|too many login attempts:unknown device:address location banned:ip address suspicious:suspicious login attempt,
0.00,0.00,na,|too many login attempts:unknown device:address location banned:ip address suspicious:suspicious login attempt,
0.00,0.00,na,|too many login attempts:unknown device:address location banned:ip address suspicious:suspicious login attempt,
0.00,0.00,na,|too many login attempts:unknown device:address location banned:ip address suspicious:suspicious login attempt,
0.00,0.00,na,|too many login attempts:unknown device:address location banned:ip address suspicious:suspicious login attempt,
0.00,0.00,na,|too many login attempts:unknown device:address location banned:ip address suspicious:suspicious login attempt,
0.00,0.00,na,|too many login attempts:unknown device:address location banned:ip address suspicious:suspicious login attempt,
0.00,0.00,na,|too many login attempts:unknown device:address location banned:ip address suspicious:suspicious login attempt,
0.00,0.00,na,|too many login attempts:unknown device:address location banned:ip address suspicious:suspicious login attempt,
0.00,0.00,na,|too many login attempts:unknown device:address location banned:ip address suspicious:suspicious login attempt,
0.00,0.00,na,|too many login attempts:unknown device:address location banned:ip address suspicious:suspicious login attempt,
0.00,0.00,na,|too many login attempts:unknown device:address location banned:ip address suspicious:suspicious login attempt,
0.00,0.00,na,|too many login attempts:unknown device:address location banned:ip address suspicious:suspicious login attempt,
0.00,0.00,na,|too many login attempts:unknown device:address location banned:ip address suspicious:suspicious login attempt,
0.00,0.00,na,|too many login attempts:unknown device:address location banned:ip address suspicious:suspicious login attempt,
0.00,0.00,na,|too many login attempts:unknown device:address location banned:ip address suspicious:suspicious login attempt,
0.00,0.00,na,|too many login attempts:unknown device:address location banned:ip address suspicious:suspicious login attempt,
0.00,0.00,na,|too many login attempts:unknown device:address location banned:ip address suspicious:suspicious login attempt,
0.00,0.00,na,|too many login attempts:unknown device:address location banned:ip address suspicious:suspicious login attempt,
0.00,0.00,na,|too many login attempts:unknown device:address location banned:ip address suspicious:suspicious login attempt,
0.00,0.00,na,|too many login attempts:unknown device:address location banned:ip address suspicious:suspicious login attempt,
0.00,0.00,na,|too many login attempts:unknown device:address location banned:ip address suspicious:suspicious login attempt,
0.00,0.00,na,|too many login attempts:unknown device:address location banned:ip address suspicious:suspicious login attempt,
0.00,0.00,na,|too many login attempts:unknown device:address location banned:ip address suspicious:suspicious login attempt,
0.00,0.00,na,|too many login attempts:unknown device:address location banned:ip address suspicious:suspicious login attempt,
0.00,0.00,na,|too many login attempts:unknown device:address location banned:ip address suspicious:suspicious login attempt,
0.00,0.00,na,|too many login attempts:unknown device:address location banned:ip address suspicious:suspicious login attempt,
0.00,0.00,na,|too many login attempts:unknown device:address location banned:ip address suspicious:suspicious login attempt,
0.00,0.00,na,|too many login attempts:unknown device:address location banned:ip address suspicious:suspicious login attempt,
0.00,0.00,na,|too many login attempts:unknown device:address location banned:ip address suspicious:suspicious login attempt,
0.00,0.00,na,|too many login attempts:unknown device:address location banned:ip address suspicious:suspicious login attempt,
0.00,0.00,na,|too many login attempts:unknown device:address location banned:ip address suspicious:suspicious login attempt,
0.00,0.00,na,|too many login attempts:unknown device:address location banned:ip address suspicious:suspicious login attempt,
0.00,0.00,na,|too many login attempts:unknown device:address location banned:ip address suspicious:suspicious login attempt,
0.00,0.00,na,|too many login attempts:unknown device:address location banned:ip address suspicious:suspicious login attempt,
0.00,0.00,na,|too many login attempts:unknown device:address location banned:ip address suspicious:suspicious login attempt,
0.00,0.00,na,|too many login attempts:unknown device:address location banned:ip address suspicious:suspicious login attempt,
0.00,0.00,na,|too many login attempts:unknown device:address location banned:ip address suspicious:suspicious login attempt,
0.00,0.00,na,|too many login attempts:unknown device:address location banned:ip address suspicious:suspicious login attempt,
0.00,0.00,na,|too many login attempts:unknown device:address location banned:ip address suspicious:suspicious login attempt,
0.00,0.00,na,|too many login attempts:unknown device:address location banned:ip address suspicious:suspicious login attempt,
0.00,0.00,na,|too many login attempts:unknown device:address location banned:ip address suspicious:suspicious login attempt,
0.00,0.00,na,|too many login attempts:unknown device:address location banned:ip address suspicious:suspicious login attempt,
0.00,0.00,na,|too many login attempts:unknown device:address location banned:ip address suspicious:suspicious login attempt,
0.00,0.00,na,|too many login attempts:unknown device:address location banned:ip address suspicious:suspicious login attempt,
0.00,0.00,na,|too many login attempts:unknown device:address location banned:ip address suspicious:suspicious login attempt,
0.00,0.00,na,|too many login attempts:unknown device:address location banned:ip address suspicious:suspicious login attempt,
0.00,0.00,na,|too many login attempts:unknown device:address location banned:ip address suspicious:suspicious login attempt,
0.00,0.00,na,|too many login attempts:unknown device:address location banned:ip address suspicious:suspicious login attempt,
0.00,0.00,na,|too many login attempts:unknown device:address location banned:ip address suspicious:suspicious login attempt,
0.00,0.00,na,|too many login attempts:unknown device:address location banned:ip address suspicious:suspicious login attempt,
0.00,0.00,na,|too many login attempts:unknown device:address location banned:ip address suspicious:suspicious login attempt,
0.00,0.00,na,|too many login attempts:unknown device:address location banned:ip address suspicious:suspicious login attempt,
0.00,0.00,na,|too many login attempts:unknown device:address location banned:ip address suspicious:suspicious login attempt,
0.00,0.00,na,|too many login attempts:unknown device:address location banned:ip address suspicious:suspicious login attempt,
0.00,0.00,na,|too many login attempts:unknown device:address location banned:ip address suspicious:suspicious login attempt,
0.00,0.00,na,|too many login attempts:unknown device:address location banned:ip address suspicious:suspicious login attempt,
