0.00,0.00,na,invalid user webmaster,
0.00,0.00,na,invalid user webmaster,
0.00,0.00,na,invalid user webmaster,
0.00,0.00,na,invalid user webmaster,
0.00,0.00,na,invalid user webmaster,
0.00,0.00,na,invalid user webmaster,
0.00,0.00,na,invalid user webmaster,
0.00,0.00,na,invalid user webmaster,
0.00,0.00,na,invalid user webmaster,
0.00,0.00,na,invalid user webmaster,
0.00,0.00,na,invalid user webmaster,
0.00,0.00,na,invalid user webmaster,
0.00,0.00,na,invalid user webmaster,
0.00,0.00,na,invalid user webmaster,
0.00,0.00,na,invalid user webmaster,
0.00,0.00,na,invalid user webmaster,
0.00,0.00,na,invalid user webmaster,
0.00,0.00,na,invalid user webmaster,
0.00,0.00,na,invalid user webmaster,
0.00,0.00,na,invalid user webmaster,
0.00,0.00,na,invalid user webmaster,
0.00,0.00,na,invalid user webmaster,
0.00,0.00,na,invalid user webmaster,
0.00,0.00,na,invalid user webmaster,
0.00,0.00,na,invalid user webmaster,
0.00,0.00,na,invalid user webmaster,
0.00,0.00,na,invalid user webmaster,
0.00,0.00,na,invalid user webmaster,
0.00,0.00,na,invalid user webmaster,
0.00,0.00,na,invalid user webmaster,
0.00,0.00,na,invalid user webmaster,
0.00,0.00,na,invalid user webmaster,
0.00,0.00,na,invalid user webmaster,
0.00,0.00,na,invalid user webmaster,
0.00,0.00,na,invalid user webmaster,
0.00,0.00,na,invalid user webmaster,
0.00,0.00,na,invalid user webmaster,
1.00,1.00,[Topic=rtms-stream-mylogs][MessageFound=(AK-IN ATTEMPT! Dec 10 06:55:46 LabSZ sshd24200: Invalid user webmaster from 173.234.31.186 Dec 10 06:55:46 LabSZ sshd24)][UserSearch=(invalid user webmaster)];,invalid user webmaster,0:221250;
0.00,0.00,na,invalid user webmaster,
0.00,0.00,na,invalid user webmaster,
0.00,0.00,na,invalid user webmaster,
0.00,0.00,na,invalid user webmaster,
0.00,0.00,na,invalid user webmaster,
0.00,0.00,na,invalid user webmaster,
0.00,0.00,na,invalid user webmaster,
0.00,0.00,na,invalid user webmaster,
0.00,0.00,na,invalid user webmaster,
0.00,0.00,na,invalid user webmaster,
0.00,0.00,na,invalid user webmaster,
0.00,0.00,na,invalid user webmaster,
0.00,0.00,na,invalid user webmaster,
0.00,0.00,na,invalid user webmaster,
0.00,0.00,na,invalid user webmaster,
0.00,0.00,na,invalid user webmaster,
0.00,0.00,na,invalid user webmaster,
0.00,0.00,na,invalid user webmaster,
0.00,0.00,na,invalid user webmaster,
0.00,0.00,na,invalid user webmaster,
0.00,0.00,na,invalid user webmaster,
0.00,0.00,na,invalid user webmaster,
0.00,0.00,na,invalid user webmaster,
0.00,0.00,na,invalid user webmaster,
0.00,0.00,na,invalid user webmaster,
0.00,0.00,na,invalid user webmaster,
0.00,0.00,na,invalid user webmaster,
0.00,0.00,na,invalid user webmaster,
0.00,0.00,na,invalid user webmaster,
0.00,0.00,na,invalid user webmaster,
0.00,0.00,na,invalid user webmaster,
0.00,0.00,na,invalid user webmaster,
0.00,0.00,na,invalid user webmaster,
0.00,0.00,na,invalid user webmaster,
0.00,0.00,na,invalid user webmaster,
0.00,0.00,na,invalid user webmaster,
0.00,0.00,na,invalid user webmaster,
0.00,0.00,na,invalid user webmaster,
0.00,0.00,na,invalid user webmaster,
0.00,0.00,na,invalid user webmaster,
0.00,0.00,na,invalid user webmaster,
0.00,0.00,na,invalid user webmaster,
0.00,0.00,na,invalid user webmaster,
0.00,0.00,na,invalid user webmaster,
0.00,0.00,na,invalid user webmaster,
0.00,0.00,na,invalid user webmaster,
0.00,0.00,na,invalid user webmaster,
0.00,0.00,na,invalid user webmaster,
0.00,0.00,na,invalid user webmaster,
0.00,0.00,na,invalid user webmaster,
0.00,0.00,na,invalid user webmaster,
0.00,0.00,na,invalid user webmaster,
0.00,0.00,na,invalid user webmaster,
0.00,0.00,na,invalid user webmaster,
0.00,0.00,na,invalid user webmaster,
0.00,0.00,na,invalid user webmaster,
0.00,0.00,na,invalid user webmaster,
0.00,0.00,na,invalid user webmaster,
0.00,0.00,na,invalid user webmaster,
0.00,0.00,na,invalid user webmaster,
0.00,0.00,na,invalid user webmaster,
0.00,0.00,na,invalid user webmaster,
0.00,0.00,na,invalid user webmaster,
0.00,0.00,na,invalid user webmaster,
0.00,0.00,na,invalid user webmaster,
0.00,0.00,na,invalid user webmaster,
0.00,0.00,na,invalid user webmaster,
0.00,0.00,na,invalid user webmaster,
0.00,0.00,na,invalid user webmaster,
0.00,0.00,na,invalid user webmaster,
0.00,0.00,na,invalid user webmaster,
0.00,0.00,na,invalid user webmaster,
0.00,0.00,na,invalid user webmaster,
0.00,0.00,na,invalid user webmaster,
0.00,0.00,na,invalid user webmaster,
0.00,0.00,na,invalid user webmaster,
0.00,0.00,na,invalid user webmaster,
0.00,0.00,na,invalid user webmaster,
0.00,0.00,na,invalid user webmaster,
0.00,0.00,na,invalid user webmaster,
0.00,0.00,na,invalid user webmaster,
0.00,0.00,na,invalid user webmaster,
0.00,0.00,na,invalid user webmaster,
0.00,0.00,na,invalid user webmaster,
0.00,0.00,na,invalid user webmaster,
0.00,0.00,na,invalid user webmaster,
0.00,0.00,na,invalid user webmaster,
0.00,0.00,na,invalid user webmaster,
0.00,0.00,na,invalid user webmaster,
0.00,0.00,na,invalid user webmaster,
0.00,0.00,na,invalid user webmaster,
0.00,0.00,na,invalid user webmaster,
0.00,0.00,na,invalid user webmaster,
0.00,0.00,na,invalid user webmaster,
0.00,0.00,na,invalid user webmaster,
0.00,0.00,na,invalid user webmaster,
0.00,0.00,na,invalid user webmaster,
0.00,0.00,na,invalid user webmaster,
0.00,0.00,na,invalid user webmaster,
0.00,0.00,na,invalid user webmaster,
0.00,0.00,na,invalid user webmaster,
0.00,0.00,na,invalid user webmaster,
0.00,0.00,na,invalid user webmaster,
0.00,0.00,na,invalid user webmaster,
0.00,0.00,na,invalid user webmaster,
0.00,0.00,na,invalid user webmaster,
0.00,0.00,na,invalid user webmaster,
0.00,0.00,na,invalid user webmaster,
0.00,0.00,na,invalid user webmaster,
0.00,0.00,na,invalid user webmaster,
0.00,0.00,na,invalid user webmaster,
0.00,0.00,na,invalid user webmaster,
0.00,0.00,na,invalid user webmaster,
0.00,0.00,na,invalid user webmaster,
0.00,0.00,na,invalid user webmaster,
0.00,0.00,na,invalid user webmaster,
0.00,0.00,na,invalid user webmaster,
0.00,0.00,na,invalid user webmaster,
0.00,0.00,na,invalid user webmaster,
0.00,0.00,na,invalid user webmaster,
0.00,0.00,na,invalid user webmaster,
0.00,0.00,na,invalid user webmaster,
0.00,0.00,na,invalid user webmaster,
0.00,0.00,na,invalid user webmaster,
0.00,0.00,na,invalid user webmaster,
0.00,0.00,na,invalid user webmaster,
0.00,0.00,na,invalid user webmaster,
0.00,0.00,na,invalid user webmaster,
0.00,0.00,na,invalid user webmaster,
0.00,0.00,na,invalid user webmaster,
0.00,0.00,na,invalid user webmaster,
0.00,0.00,na,invalid user webmaster,
0.00,0.00,na,invalid user webmaster,
0.00,0.00,na,invalid user webmaster,
0.00,0.00,na,invalid user webmaster,
0.00,0.00,na,invalid user webmaster,
0.00,0.00,na,invalid user webmaster,
0.00,0.00,na,invalid user webmaster,
0.00,0.00,na,invalid user webmaster,
0.00,0.00,na,invalid user webmaster,
0.00,0.00,na,invalid user webmaster,
0.00,0.00,na,invalid user webmaster,
0.00,0.00,na,invalid user webmaster,
0.00,0.00,na,invalid user webmaster,
0.00,0.00,na,invalid user webmaster,
0.00,0.00,na,invalid user webmaster,
0.00,0.00,na,invalid user webmaster,
0.00,0.00,na,invalid user webmaster,
0.00,0.00,na,invalid user webmaster,
0.00,0.00,na,invalid user webmaster,
0.00,0.00,na,invalid user webmaster,
0.00,0.00,na,invalid user webmaster,
0.00,0.00,na,invalid user webmaster,
0.00,0.00,na,invalid user webmaster,
0.00,0.00,na,invalid user webmaster,
0.00,0.00,na,invalid user webmaster,
0.00,0.00,na,invalid user webmaster,
0.00,0.00,na,invalid user webmaster,
0.00,0.00,na,invalid user webmaster,
0.00,0.00,na,invalid user webmaster,
0.00,0.00,na,invalid user webmaster,
0.00,0.00,na,invalid user webmaster,
0.00,0.00,na,invalid user webmaster,
0.00,0.00,na,invalid user webmaster,
0.00,0.00,na,invalid user webmaster,
0.00,0.00,na,invalid user webmaster,
0.00,0.00,na,invalid user webmaster,
0.00,0.00,na,invalid user webmaster,
0.00,0.00,na,invalid user webmaster,
0.00,0.00,na,invalid user webmaster,
0.00,0.00,na,invalid user webmaster,
0.00,0.00,na,invalid user webmaster,
0.00,0.00,na,invalid user webmaster,
0.00,0.00,na,invalid user webmaster,
0.00,0.00,na,invalid user webmaster,
0.00,0.00,na,invalid user webmaster,
0.00,0.00,na,invalid user webmaster,
0.00,0.00,na,invalid user webmaster,
0.00,0.00,na,invalid user webmaster,
0.00,0.00,na,invalid user webmaster,
0.00,0.00,na,invalid user webmaster,
0.00,0.00,na,invalid user webmaster,
0.00,0.00,na,invalid user webmaster,
0.00,0.00,na,invalid user webmaster,
0.00,0.00,na,invalid user webmaster,
0.00,0.00,na,invalid user webmaster,
0.00,0.00,na,invalid user webmaster,
0.00,0.00,na,invalid user webmaster,
0.00,0.00,na,invalid user webmaster,
0.00,0.00,na,invalid user webmaster,
0.00,0.00,na,invalid user webmaster,
0.00,0.00,na,invalid user webmaster,
0.00,0.00,na,invalid user webmaster,
0.00,0.00,na,invalid user webmaster,
0.00,0.00,na,invalid user webmaster,
0.00,0.00,na,invalid user webmaster,
0.00,0.00,na,invalid user webmaster,
0.00,0.00,na,invalid user webmaster,
0.00,0.00,na,invalid user webmaster,
0.00,0.00,na,invalid user webmaster,
0.00,0.00,na,invalid user webmaster,
0.00,0.00,na,invalid user webmaster,
0.00,0.00,na,invalid user webmaster,
0.00,0.00,na,invalid user webmaster,
0.00,0.00,na,invalid user webmaster,
0.00,0.00,na,invalid user webmaster,
0.00,0.00,na,invalid user webmaster,
0.00,0.00,na,invalid user webmaster,
0.00,0.00,na,invalid user webmaster,
0.00,0.00,na,invalid user webmaster,
0.00,0.00,na,invalid user webmaster,
0.00,0.00,na,invalid user webmaster,
0.00,0.00,na,invalid user webmaster,
0.00,0.00,na,invalid user webmaster,
0.00,0.00,na,invalid user webmaster,
0.00,0.00,na,invalid user webmaster,
0.00,0.00,na,invalid user webmaster,
0.00,0.00,na,invalid user webmaster,
0.00,0.00,na,invalid user webmaster,
0.00,0.00,na,invalid user webmaster,
0.00,0.00,na,invalid user webmaster,
0.00,0.00,na,invalid user webmaster,
0.00,0.00,na,invalid user webmaster,
0.00,0.00,na,invalid user webmaster,
0.00,0.00,na,invalid user webmaster,
0.00,0.00,na,invalid user webmaster,
0.00,0.00,na,invalid user webmaster,
0.00,0.00,na,invalid user webmaster,
0.00,0.00,na,invalid user webmaster,
0.00,0.00,na,invalid user webmaster,
0.00,0.00,na,invalid user webmaster,
0.00,0.00,na,invalid user webmaster,
0.00,0.00,na,invalid user webmaster,
0.00,0.00,na,invalid user webmaster,
0.00,0.00,na,invalid user webmaster,
0.00,0.00,na,invalid user webmaster,
0.00,0.00,na,invalid user webmaster,
0.00,0.00,na,invalid user webmaster,
0.00,0.00,na,invalid user webmaster,
0.00,0.00,na,invalid user webmaster,
0.00,0.00,na,invalid user webmaster,
0.00,0.00,na,invalid user webmaster,
0.00,0.00,na,invalid user webmaster,
0.00,0.00,na,invalid user webmaster,
0.00,0.00,na,invalid user webmaster,
0.00,0.00,na,invalid user webmaster,
0.00,0.00,na,invalid user webmaster,
0.00,0.00,na,invalid user webmaster,
0.00,0.00,na,invalid user webmaster,
0.00,0.00,na,invalid user webmaster,
0.00,0.00,na,invalid user webmaster,
0.00,0.00,na,invalid user webmaster,
0.00,0.00,na,invalid user webmaster,
0.00,0.00,na,invalid user webmaster,
0.00,0.00,na,invalid user webmaster,
0.00,0.00,na,invalid user webmaster,
0.00,0.00,na,invalid user webmaster,
0.00,0.00,na,invalid user webmaster,
0.00,0.00,na,invalid user webmaster,
0.00,0.00,na,invalid user webmaster,
0.00,0.00,na,invalid user webmaster,
0.00,0.00,na,invalid user webmaster,
0.00,0.00,na,invalid user webmaster,
0.00,0.00,na,invalid user webmaster,
0.00,0.00,na,invalid user webmaster,
0.00,0.00,na,invalid user webmaster,
0.00,0.00,na,invalid user webmaster,
0.00,0.00,na,invalid user webmaster,
0.00,0.00,na,invalid user webmaster,
0.00,0.00,na,invalid user webmaster,
0.00,0.00,na,invalid user webmaster,
0.00,0.00,na,invalid user webmaster,
0.00,0.00,na,invalid user webmaster,
0.00,0.00,na,invalid user webmaster,
0.00,0.00,na,invalid user webmaster,
0.00,0.00,na,invalid user webmaster,
0.00,0.00,na,invalid user webmaster,
0.00,0.00,na,invalid user webmaster,
0.00,0.00,na,invalid user webmaster,
0.00,0.00,na,invalid user webmaster,
0.00,0.00,na,invalid user webmaster,
0.00,0.00,na,invalid user webmaster,
0.00,0.00,na,invalid user webmaster,
0.00,0.00,na,invalid user webmaster,
0.00,0.00,na,invalid user webmaster,
0.00,0.00,na,invalid user webmaster,
0.00,0.00,na,invalid user webmaster,
0.00,0.00,na,invalid user webmaster,
0.00,0.00,na,invalid user webmaster,
0.00,0.00,na,invalid user webmaster,
0.00,0.00,na,invalid user webmaster,
0.00,0.00,na,invalid user webmaster,
0.00,0.00,na,invalid user webmaster,
0.00,0.00,na,invalid user webmaster,
0.00,0.00,na,invalid user webmaster,
0.00,0.00,na,invalid user webmaster,
0.00,0.00,na,invalid user webmaster,
0.00,0.00,na,invalid user webmaster,
0.00,0.00,na,invalid user webmaster,
0.00,0.00,na,invalid user webmaster,
0.00,0.00,na,invalid user webmaster,
0.00,0.00,na,invalid user webmaster,
0.00,0.00,na,invalid user webmaster,
0.00,0.00,na,invalid user webmaster,
0.00,0.00,na,invalid user webmaster,
0.00,0.00,na,invalid user webmaster,
0.00,0.00,na,invalid user webmaster,
0.00,0.00,na,invalid user webmaster,
0.00,0.00,na,invalid user webmaster,
0.00,0.00,na,invalid user webmaster,
0.00,0.00,na,invalid user webmaster,
0.00,0.00,na,invalid user webmaster,
0.00,0.00,na,invalid user webmaster,
0.00,0.00,na,invalid user webmaster,
0.00,0.00,na,invalid user webmaster,
0.00,0.00,na,invalid user webmaster,
0.00,0.00,na,invalid user webmaster,
0.00,0.00,na,invalid user webmaster,
0.00,0.00,na,invalid user webmaster,
0.00,0.00,na,invalid user webmaster,
0.00,0.00,na,invalid user webmaster,
0.00,0.00,na,invalid user webmaster,
0.00,0.00,na,invalid user webmaster,
0.00,0.00,na,invalid user webmaster,
0.00,0.00,na,invalid user webmaster,
0.00,0.00,na,invalid user webmaster,
0.00,0.00,na,invalid user webmaster,
0.00,0.00,na,invalid user webmaster,
0.00,0.00,na,invalid user webmaster,
0.00,0.00,na,invalid user webmaster,
0.00,0.00,na,invalid user webmaster,
0.00,0.00,na,invalid user webmaster,
0.00,0.00,na,invalid user webmaster,
0.00,0.00,na,invalid user webmaster,
0.00,0.00,na,invalid user webmaster,
0.00,0.00,na,invalid user webmaster,
0.00,0.00,na,invalid user webmaster,
0.00,0.00,na,invalid user webmaster,
0.00,0.00,na,invalid user webmaster,
0.00,0.00,na,invalid user webmaster,
0.00,0.00,na,invalid user webmaster,
0.00,0.00,na,invalid user webmaster,
0.00,0.00,na,invalid user webmaster,
0.00,0.00,na,invalid user webmaster,
0.00,0.00,na,invalid user webmaster,
0.00,0.00,na,invalid user webmaster,
0.00,0.00,na,invalid user webmaster,
0.00,0.00,na,invalid user webmaster,
0.00,0.00,na,invalid user webmaster,
0.00,0.00,na,invalid user webmaster,
0.00,0.00,na,invalid user webmaster,
0.00,0.00,na,invalid user webmaster,
0.00,0.00,na,invalid user webmaster,
0.00,0.00,na,invalid user webmaster,
0.00,0.00,na,invalid user webmaster,
0.00,0.00,na,invalid user webmaster,
0.00,0.00,na,invalid user webmaster,
0.00,0.00,na,invalid user webmaster,
0.00,0.00,na,invalid user webmaster,
0.00,0.00,na,invalid user webmaster,
0.00,0.00,na,invalid user webmaster,
0.00,0.00,na,invalid user webmaster,
0.00,0.00,na,invalid user webmaster,
0.00,0.00,na,invalid user webmaster,
0.00,0.00,na,invalid user webmaster,
0.00,0.00,na,invalid user webmaster,
0.00,0.00,na,invalid user webmaster,
0.00,0.00,na,invalid user webmaster,
0.00,0.00,na,invalid user webmaster,
0.00,0.00,na,invalid user webmaster,
0.00,0.00,na,invalid user webmaster,
0.00,0.00,na,invalid user webmaster,
0.00,0.00,na,invalid user webmaster,
0.00,0.00,na,invalid user webmaster,
0.00,0.00,na,invalid user webmaster,
0.00,0.00,na,invalid user webmaster,
0.00,0.00,na,invalid user webmaster,
0.00,0.00,na,invalid user webmaster,
0.00,0.00,na,invalid user webmaster,
0.00,0.00,na,invalid user webmaster,
0.00,0.00,na,invalid user webmaster,
0.00,0.00,na,invalid user webmaster,
0.00,0.00,na,invalid user webmaster,
0.00,0.00,na,invalid user webmaster,
0.00,0.00,na,invalid user webmaster,
0.00,0.00,na,invalid user webmaster,
0.00,0.00,na,invalid user webmaster,
0.00,0.00,na,invalid user webmaster,
0.00,0.00,na,invalid user webmaster,
0.00,0.00,na,invalid user webmaster,
0.00,0.00,na,invalid user webmaster,
0.00,0.00,na,invalid user webmaster,
0.00,0.00,na,invalid user webmaster,
0.00,0.00,na,invalid user webmaster,
0.00,0.00,na,invalid user webmaster,
0.00,0.00,na,invalid user webmaster,
0.00,0.00,na,invalid user webmaster,
0.00,0.00,na,invalid user webmaster,
0.00,0.00,na,invalid user webmaster,
0.00,0.00,na,invalid user webmaster,
0.00,0.00,na,invalid user webmaster,
0.00,0.00,na,invalid user webmaster,
0.00,0.00,na,invalid user webmaster,
0.00,0.00,na,invalid user webmaster,
0.00,0.00,na,invalid user webmaster,
0.00,0.00,na,invalid user webmaster,
0.00,0.00,na,invalid user webmaster,
0.00,0.00,na,invalid user webmaster,
0.00,0.00,na,invalid user webmaster,
0.00,0.00,na,invalid user webmaster,
0.00,0.00,na,invalid user webmaster,
0.00,0.00,na,invalid user webmaster,
0.00,0.00,na,invalid user webmaster,
0.00,0.00,na,invalid user webmaster,
0.00,0.00,na,invalid user webmaster,
0.00,0.00,na,invalid user webmaster,
0.00,0.00,na,invalid user webmaster,
0.00,0.00,na,invalid user webmaster,
0.00,0.00,na,invalid user webmaster,
0.00,0.00,na,invalid user webmaster,
0.00,0.00,na,invalid user webmaster,
0.00,0.00,na,invalid user webmaster,
0.00,0.00,na,invalid user webmaster,
0.00,0.00,na,invalid user webmaster,
0.00,0.00,na,invalid user webmaster,
0.00,0.00,na,invalid user webmaster,
0.00,0.00,na,invalid user webmaster,
0.00,0.00,na,invalid user webmaster,
0.00,0.00,na,invalid user webmaster,
0.00,0.00,na,invalid user webmaster,
0.00,0.00,na,invalid user webmaster,
0.00,0.00,na,invalid user webmaster,
0.00,0.00,na,invalid user webmaster,
0.00,0.00,na,invalid user webmaster,
0.00,0.00,na,invalid user webmaster,
0.00,0.00,na,invalid user webmaster,
0.00,0.00,na,invalid user webmaster,
0.00,0.00,na,invalid user webmaster,
0.00,0.00,na,invalid user webmaster,
0.00,0.00,na,invalid user webmaster,
0.00,0.00,na,invalid user webmaster,
0.00,0.00,na,invalid user webmaster,
0.00,0.00,na,invalid user webmaster,
0.00,0.00,na,invalid user webmaster,
0.00,0.00,na,invalid user webmaster,
0.00,0.00,na,invalid user webmaster,
0.00,0.00,na,invalid user webmaster,
0.00,0.00,na,invalid user webmaster,
0.00,0.00,na,invalid user webmaster,
0.00,0.00,na,invalid user webmaster,
0.00,0.00,na,invalid user webmaster,
0.00,0.00,na,invalid user webmaster,
0.00,0.00,na,invalid user webmaster,
0.00,0.00,na,invalid user webmaster,
0.00,0.00,na,invalid user webmaster,
0.00,0.00,na,invalid user webmaster,
0.00,0.00,na,invalid user webmaster,
0.00,0.00,na,invalid user webmaster,
0.00,0.00,na,invalid user webmaster,
0.00,0.00,na,invalid user webmaster,
0.00,0.00,na,invalid user webmaster,
0.00,0.00,na,invalid user webmaster,
0.00,0.00,na,invalid user webmaster,
0.00,0.00,na,invalid user webmaster,
0.00,0.00,na,invalid user webmaster,
0.00,0.00,na,invalid user webmaster,
0.00,0.00,na,invalid user webmaster,
0.00,0.00,na,invalid user webmaster,
0.00,0.00,na,invalid user webmaster,
0.00,0.00,na,invalid user webmaster,
0.00,0.00,na,invalid user webmaster,
0.00,0.00,na,invalid user webmaster,
0.00,0.00,na,invalid user webmaster,
0.00,0.00,na,invalid user webmaster,
0.00,0.00,na,invalid user webmaster,
0.00,0.00,na,invalid user webmaster,
0.00,0.00,na,invalid user webmaster,
0.00,0.00,na,invalid user webmaster,
0.00,0.00,na,invalid user webmaster,
0.00,0.00,na,invalid user webmaster,
0.00,0.00,na,invalid user webmaster,
0.00,0.00,na,invalid user webmaster,
0.00,0.00,na,invalid user webmaster,
0.00,0.00,na,invalid user webmaster,
0.00,0.00,na,invalid user webmaster,
0.00,0.00,na,invalid user webmaster,
0.00,0.00,na,invalid user webmaster,
0.00,0.00,na,invalid user webmaster,
0.00,0.00,na,invalid user webmaster,
0.00,0.00,na,invalid user webmaster,
0.00,0.00,na,invalid user webmaster,
0.00,0.00,na,invalid user webmaster,
0.00,0.00,na,invalid user webmaster,
0.00,0.00,na,invalid user webmaster,
0.00,0.00,na,invalid user webmaster,
0.00,0.00,na,invalid user webmaster,
0.00,0.00,na,invalid user webmaster,
0.00,0.00,na,invalid user webmaster,
0.00,0.00,na,invalid user webmaster,
0.00,0.00,na,invalid user webmaster,
0.00,0.00,na,invalid user webmaster,
0.00,0.00,na,invalid user webmaster,
0.00,0.00,na,invalid user webmaster,
0.00,0.00,na,invalid user webmaster,
0.00,0.00,na,invalid user webmaster,
0.00,0.00,na,invalid user webmaster,
0.00,0.00,na,invalid user webmaster,
0.00,0.00,na,invalid user webmaster,
0.00,0.00,na,invalid user webmaster,
0.00,0.00,na,invalid user webmaster,
0.00,0.00,na,invalid user webmaster,
0.00,0.00,na,invalid user webmaster,
0.00,0.00,na,invalid user webmaster,
0.00,0.00,na,invalid user webmaster,
0.00,0.00,na,invalid user webmaster,
0.00,0.00,na,invalid user webmaster,
0.00,0.00,na,invalid user webmaster,
0.00,0.00,na,invalid user webmaster,
0.00,0.00,na,invalid user webmaster,
0.00,0.00,na,invalid user webmaster,
0.00,0.00,na,invalid user webmaster,
0.00,0.00,na,invalid user webmaster,
0.00,0.00,na,invalid user webmaster,
0.00,0.00,na,invalid user webmaster,
0.00,0.00,na,invalid user webmaster,
0.00,0.00,na,invalid user webmaster,
0.00,0.00,na,invalid user webmaster,
0.00,0.00,na,invalid user webmaster,
0.00,0.00,na,invalid user webmaster,
0.00,0.00,na,invalid user webmaster,
0.00,0.00,na,invalid user webmaster,
0.00,0.00,na,invalid user webmaster,
0.00,0.00,na,invalid user webmaster,
0.00,0.00,na,invalid user webmaster,
0.00,0.00,na,invalid user webmaster,
0.00,0.00,na,invalid user webmaster,
0.00,0.00,na,invalid user webmaster,
0.00,0.00,na,invalid user webmaster,
0.00,0.00,na,invalid user webmaster,
0.00,0.00,na,invalid user webmaster,
0.00,0.00,na,invalid user webmaster,
0.00,0.00,na,invalid user webmaster,
0.00,0.00,na,invalid user webmaster,
0.00,0.00,na,invalid user webmaster,
0.00,0.00,na,invalid user webmaster,
0.00,0.00,na,invalid user webmaster,
0.00,0.00,na,invalid user webmaster,
0.00,0.00,na,invalid user webmaster,
0.00,0.00,na,invalid user webmaster,
0.00,0.00,na,invalid user webmaster,
0.00,0.00,na,invalid user webmaster,
0.00,0.00,na,invalid user webmaster,
0.00,0.00,na,invalid user webmaster,
0.00,0.00,na,invalid user webmaster,
0.00,0.00,na,invalid user webmaster,
0.00,0.00,na,invalid user webmaster,
0.00,0.00,na,invalid user webmaster,
0.00,0.00,na,invalid user webmaster,
0.00,0.00,na,invalid user webmaster,
0.00,0.00,na,invalid user webmaster,
0.00,0.00,na,invalid user webmaster,
0.00,0.00,na,invalid user webmaster,
0.00,0.00,na,invalid user webmaster,
0.00,0.00,na,invalid user webmaster,
0.00,0.00,na,invalid user webmaster,
0.00,0.00,na,invalid user webmaster,
0.00,0.00,na,invalid user webmaster,
0.00,0.00,na,invalid user webmaster,
0.00,0.00,na,invalid user webmaster,
0.00,0.00,na,invalid user webmaster,
0.00,0.00,na,invalid user webmaster,
0.00,0.00,na,invalid user webmaster,
0.00,0.00,na,invalid user webmaster,
0.00,0.00,na,invalid user webmaster,
0.00,0.00,na,invalid user webmaster,
0.00,0.00,na,invalid user webmaster,
0.00,0.00,na,invalid user webmaster,
0.00,0.00,na,invalid user webmaster,
0.00,0.00,na,invalid user webmaster,
0.00,0.00,na,invalid user webmaster,
0.00,0.00,na,invalid user webmaster,
0.00,0.00,na,invalid user webmaster,
0.00,0.00,na,invalid user webmaster,
0.00,0.00,na,invalid user webmaster,
0.00,0.00,na,invalid user webmaster,
0.00,0.00,na,invalid user webmaster,
0.00,0.00,na,invalid user webmaster,
0.00,0.00,na,invalid user webmaster,
0.00,0.00,na,invalid user webmaster,
0.00,0.00,na,invalid user webmaster,
0.00,0.00,na,invalid user webmaster,
0.00,0.00,na,invalid user webmaster,
0.00,0.00,na,invalid user webmaster,
0.00,0.00,na,invalid user webmaster,
0.00,0.00,na,invalid user webmaster,
0.00,0.00,na,invalid user webmaster,
0.00,0.00,na,invalid user webmaster,
0.00,0.00,na,invalid user webmaster,
0.00,0.00,na,invalid user webmaster,
0.00,0.00,na,invalid user webmaster,
0.00,0.00,na,invalid user webmaster,
0.00,0.00,na,invalid user webmaster,
0.00,0.00,na,invalid user webmaster,
0.00,0.00,na,invalid user webmaster,
0.00,0.00,na,invalid user webmaster,
0.00,0.00,na,invalid user webmaster,
0.00,0.00,na,invalid user webmaster,
0.00,0.00,na,invalid user webmaster,
0.00,0.00,na,invalid user webmaster,
0.00,0.00,na,invalid user webmaster,
0.00,0.00,na,invalid user webmaster,
0.00,0.00,na,invalid user webmaster,
0.00,0.00,na,invalid user webmaster,
0.00,0.00,na,invalid user webmaster,
0.00,0.00,na,invalid user webmaster,
0.00,0.00,na,invalid user webmaster,
0.00,0.00,na,invalid user webmaster,
0.00,0.00,na,invalid user webmaster,
0.00,0.00,na,invalid user webmaster,
0.00,0.00,na,invalid user webmaster,
0.00,0.00,na,invalid user webmaster,
0.00,0.00,na,invalid user webmaster,
0.00,0.00,na,invalid user webmaster,
0.00,0.00,na,invalid user webmaster,
0.00,0.00,na,invalid user webmaster,
0.00,0.00,na,invalid user webmaster,
0.00,0.00,na,invalid user webmaster,
0.00,0.00,na,invalid user webmaster,
0.00,0.00,na,invalid user webmaster,
0.00,0.00,na,invalid user webmaster,
0.00,0.00,na,invalid user webmaster,
0.00,0.00,na,invalid user webmaster,
0.00,0.00,na,invalid user webmaster,
0.00,0.00,na,invalid user webmaster,
0.00,0.00,na,invalid user webmaster,
0.00,0.00,na,invalid user webmaster,
0.00,0.00,na,invalid user webmaster,
0.00,0.00,na,invalid user webmaster,
0.00,0.00,na,invalid user webmaster,
0.00,0.00,na,invalid user webmaster,
0.00,0.00,na,invalid user webmaster,
0.00,0.00,na,invalid user webmaster,
0.00,0.00,na,invalid user webmaster,
0.00,0.00,na,invalid user webmaster,
0.00,0.00,na,invalid user webmaster,
0.00,0.00,na,invalid user webmaster,
0.00,0.00,na,invalid user webmaster,
0.00,0.00,na,invalid user webmaster,
0.00,0.00,na,invalid user webmaster,
0.00,0.00,na,invalid user webmaster,
0.00,0.00,na,invalid user webmaster,
0.00,0.00,na,invalid user webmaster,
0.00,0.00,na,invalid user webmaster,
0.00,0.00,na,invalid user webmaster,
0.00,0.00,na,invalid user webmaster,
0.00,0.00,na,invalid user webmaster,
0.00,0.00,na,invalid user webmaster,
0.00,0.00,na,invalid user webmaster,
0.00,0.00,na,invalid user webmaster,
0.00,0.00,na,invalid user webmaster,
0.00,0.00,na,invalid user webmaster,
0.00,0.00,na,invalid user webmaster,
0.00,0.00,na,invalid user webmaster,
0.00,0.00,na,invalid user webmaster,
0.00,0.00,na,invalid user webmaster,
0.00,0.00,na,invalid user webmaster,
0.00,0.00,na,invalid user webmaster,
0.00,0.00,na,invalid user webmaster,
0.00,0.00,na,invalid user webmaster,
0.00,0.00,na,invalid user webmaster,
0.00,0.00,na,invalid user webmaster,
0.00,0.00,na,invalid user webmaster,
0.00,0.00,na,invalid user webmaster,
0.00,0.00,na,invalid user webmaster,
0.00,0.00,na,invalid user webmaster,
0.00,0.00,na,invalid user webmaster,
0.00,0.00,na,invalid user webmaster,
0.00,0.00,na,invalid user webmaster,
0.00,0.00,na,invalid user webmaster,
0.00,0.00,na,invalid user webmaster,
0.00,0.00,na,invalid user webmaster,
0.00,0.00,na,invalid user webmaster,
0.00,0.00,na,invalid user webmaster,
0.00,0.00,na,invalid user webmaster,
0.00,0.00,na,invalid user webmaster,
0.00,0.00,na,invalid user webmaster,
0.00,0.00,na,invalid user webmaster,
0.00,0.00,na,invalid user webmaster,
0.00,0.00,na,invalid user webmaster,
0.00,0.00,na,invalid user webmaster,
0.00,0.00,na,invalid user webmaster,
0.00,0.00,na,invalid user webmaster,
0.00,0.00,na,invalid user webmaster,
0.00,0.00,na,invalid user webmaster,
0.00,0.00,na,invalid user webmaster,
0.00,0.00,na,invalid user webmaster,
0.00,0.00,na,invalid user webmaster,
0.00,0.00,na,invalid user webmaster,
0.00,0.00,na,invalid user webmaster,
0.00,0.00,na,invalid user webmaster,
0.00,0.00,na,invalid user webmaster,
0.00,0.00,na,invalid user webmaster,
0.00,0.00,na,invalid user webmaster,
0.00,0.00,na,invalid user webmaster,
0.00,0.00,na,invalid user webmaster,
0.00,0.00,na,invalid user webmaster,
0.00,0.00,na,invalid user webmaster,
0.00,0.00,na,invalid user webmaster,
0.00,0.00,na,invalid user webmaster,
0.00,0.00,na,invalid user webmaster,
0.00,0.00,na,invalid user webmaster,
0.00,0.00,na,invalid user webmaster,
0.00,0.00,na,invalid user webmaster,
0.00,0.00,na,invalid user webmaster,
0.00,0.00,na,invalid user webmaster,
0.00,0.00,na,invalid user webmaster,
0.00,0.00,na,invalid user webmaster,
0.00,0.00,na,invalid user webmaster,
0.00,0.00,na,invalid user webmaster,
0.00,0.00,na,invalid user webmaster,
0.00,0.00,na,invalid user webmaster,
0.00,0.00,na,invalid user webmaster,
0.00,0.00,na,invalid user webmaster,
0.00,0.00,na,invalid user webmaster,
0.00,0.00,na,invalid user webmaster,
0.00,0.00,na,invalid user webmaster,
0.00,0.00,na,invalid user webmaster,
0.00,0.00,na,invalid user webmaster,
0.00,0.00,na,invalid user webmaster,
0.00,0.00,na,invalid user webmaster,
0.00,0.00,na,invalid user webmaster,
0.00,0.00,na,invalid user webmaster,
0.00,0.00,na,invalid user webmaster,
0.00,0.00,na,invalid user webmaster,
0.00,0.00,na,invalid user webmaster,
0.00,0.00,na,invalid user webmaster,
0.00,0.00,na,invalid user webmaster,
0.00,0.00,na,invalid user webmaster,
0.00,0.00,na,invalid user webmaster,
0.00,0.00,na,invalid user webmaster,
0.00,0.00,na,invalid user webmaster,
0.00,0.00,na,invalid user webmaster,
0.00,0.00,na,invalid user webmaster,
0.00,0.00,na,invalid user webmaster,
0.00,0.00,na,invalid user webmaster,
0.00,0.00,na,invalid user webmaster,
0.00,0.00,na,invalid user webmaster,
0.00,0.00,na,invalid user webmaster,
0.00,0.00,na,invalid user webmaster,
0.00,0.00,na,invalid user webmaster,
0.00,0.00,na,invalid user webmaster,
0.00,0.00,na,invalid user webmaster,
0.00,0.00,na,invalid user webmaster,
0.00,0.00,na,invalid user webmaster,
0.00,0.00,na,invalid user webmaster,
0.00,0.00,na,invalid user webmaster,
0.00,0.00,na,invalid user webmaster,
0.00,0.00,na,invalid user webmaster,
0.00,0.00,na,invalid user webmaster,
0.00,0.00,na,invalid user webmaster,
0.00,0.00,na,invalid user webmaster,
0.00,0.00,na,invalid user webmaster,
0.00,0.00,na,invalid user webmaster,
0.00,0.00,na,invalid user webmaster,
0.00,0.00,na,invalid user webmaster,
0.00,0.00,na,invalid user webmaster,
0.00,0.00,na,invalid user webmaster,
0.00,0.00,na,invalid user webmaster,
0.00,0.00,na,invalid user webmaster,
0.00,0.00,na,invalid user webmaster,
0.00,0.00,na,invalid user webmaster,
0.00,0.00,na,invalid user webmaster,
0.00,0.00,na,invalid user webmaster,
0.00,0.00,na,invalid user webmaster,
0.00,0.00,na,invalid user webmaster,
0.00,0.00,na,invalid user webmaster,
0.00,0.00,na,invalid user webmaster,
0.00,0.00,na,invalid user webmaster,
0.00,0.00,na,invalid user webmaster,
0.00,0.00,na,invalid user webmaster,
0.00,0.00,na,invalid user webmaster,
0.00,0.00,na,invalid user webmaster,
0.00,0.00,na,invalid user webmaster,
0.00,0.00,na,invalid user webmaster,
0.00,0.00,na,invalid user webmaster,
0.00,0.00,na,invalid user webmaster,
0.00,0.00,na,invalid user webmaster,
0.00,0.00,na,invalid user webmaster,
0.00,0.00,na,invalid user webmaster,
0.00,0.00,na,invalid user webmaster,
0.00,0.00,na,invalid user webmaster,
0.00,0.00,na,invalid user webmaster,
0.00,0.00,na,invalid user webmaster,
0.00,0.00,na,invalid user webmaster,
0.00,0.00,na,invalid user webmaster,
0.00,0.00,na,invalid user webmaster,
0.00,0.00,na,invalid user webmaster,
0.00,0.00,na,invalid user webmaster,
0.00,0.00,na,invalid user webmaster,
0.00,0.00,na,invalid user webmaster,
0.00,0.00,na,invalid user webmaster,
0.00,0.00,na,invalid user webmaster,
0.00,0.00,na,invalid user webmaster,
0.00,0.00,na,invalid user webmaster,
0.00,0.00,na,invalid user webmaster,
0.00,0.00,na,invalid user webmaster,
0.00,0.00,na,invalid user webmaster,
0.00,0.00,na,invalid user webmaster,
0.00,0.00,na,invalid user webmaster,
0.00,0.00,na,invalid user webmaster,
0.00,0.00,na,invalid user webmaster,
0.00,0.00,na,invalid user webmaster,
0.00,0.00,na,invalid user webmaster,
0.00,0.00,na,invalid user webmaster,
0.00,0.00,na,invalid user webmaster,
0.00,0.00,na,invalid user webmaster,
0.00,0.00,na,invalid user webmaster,
0.00,0.00,na,invalid user webmaster,
0.00,0.00,na,invalid user webmaster,
0.00,0.00,na,invalid user webmaster,
0.00,0.00,na,invalid user webmaster,
0.00,0.00,na,invalid user webmaster,
0.00,0.00,na,invalid user webmaster,
0.00,0.00,na,invalid user webmaster,
0.00,0.00,na,invalid user webmaster,
0.00,0.00,na,invalid user webmaster,
0.00,0.00,na,invalid user webmaster,
0.00,0.00,na,invalid user webmaster,
0.00,0.00,na,invalid user webmaster,
0.00,0.00,na,invalid user webmaster,
0.00,0.00,na,invalid user webmaster,
0.00,0.00,na,invalid user webmaster,
0.00,0.00,na,invalid user webmaster,
0.00,0.00,na,invalid user webmaster,
0.00,0.00,na,invalid user webmaster,
0.00,0.00,na,invalid user webmaster,
0.00,0.00,na,invalid user webmaster,
0.00,0.00,na,invalid user webmaster,
0.00,0.00,na,invalid user webmaster,
0.00,0.00,na,invalid user webmaster,
0.00,0.00,na,invalid user webmaster,
0.00,0.00,na,invalid user webmaster,
0.00,0.00,na,invalid user webmaster,
0.00,0.00,na,invalid user webmaster,
0.00,0.00,na,invalid user webmaster,
0.00,0.00,na,invalid user webmaster,
0.00,0.00,na,invalid user webmaster,
0.00,0.00,na,invalid user webmaster,
0.00,0.00,na,invalid user webmaster,
0.00,0.00,na,invalid user webmaster,
0.00,0.00,na,invalid user webmaster,
0.00,0.00,na,invalid user webmaster,
0.00,0.00,na,invalid user webmaster,
0.00,0.00,na,invalid user webmaster,
0.00,0.00,na,invalid user webmaster,
0.00,0.00,na,invalid user webmaster,
0.00,0.00,na,invalid user webmaster,
0.00,0.00,na,invalid user webmaster,
0.00,0.00,na,invalid user webmaster,
0.00,0.00,na,invalid user webmaster,
0.00,0.00,na,invalid user webmaster,
0.00,0.00,na,invalid user webmaster,
0.00,0.00,na,invalid user webmaster,
0.00,0.00,na,invalid user webmaster,
0.00,0.00,na,invalid user webmaster,
0.00,0.00,na,invalid user webmaster,
0.00,0.00,na,invalid user webmaster,
0.00,0.00,na,invalid user webmaster,
0.00,0.00,na,invalid user webmaster,
0.00,0.00,na,invalid user webmaster,
0.00,0.00,na,invalid user webmaster,
0.00,0.00,na,invalid user webmaster,
0.00,0.00,na,invalid user webmaster,
0.00,0.00,na,invalid user webmaster,
0.00,0.00,na,invalid user webmaster,
0.00,0.00,na,invalid user webmaster,
0.00,0.00,na,invalid user webmaster,
0.00,0.00,na,invalid user webmaster,
0.00,0.00,na,invalid user webmaster,
0.00,0.00,na,invalid user webmaster,
0.00,0.00,na,invalid user webmaster,
0.00,0.00,na,invalid user webmaster,
0.00,0.00,na,invalid user webmaster,
0.00,0.00,na,invalid user webmaster,
0.00,0.00,na,invalid user webmaster,
0.00,0.00,na,invalid user webmaster,
0.00,0.00,na,invalid user webmaster,
0.00,0.00,na,invalid user webmaster,
0.00,0.00,na,invalid user webmaster,
0.00,0.00,na,invalid user webmaster,
0.00,0.00,na,invalid user webmaster,
0.00,0.00,na,invalid user webmaster,
0.00,0.00,na,invalid user webmaster,
0.00,0.00,na,invalid user webmaster,
0.00,0.00,na,invalid user webmaster,
0.00,0.00,na,invalid user webmaster,
0.00,0.00,na,invalid user webmaster,
0.00,0.00,na,invalid user webmaster,
0.00,0.00,na,invalid user webmaster,
0.00,0.00,na,invalid user webmaster,
0.00,0.00,na,invalid user webmaster,
0.00,0.00,na,invalid user webmaster,
0.00,0.00,na,invalid user webmaster,
0.00,0.00,na,invalid user webmaster,
0.00,0.00,na,invalid user webmaster,
0.00,0.00,na,invalid user webmaster,
0.00,0.00,na,invalid user webmaster,
0.00,0.00,na,invalid user webmaster,
0.00,0.00,na,invalid user webmaster,
0.00,0.00,na,invalid user webmaster,
0.00,0.00,na,invalid user webmaster,
0.00,0.00,na,invalid user webmaster,
0.00,0.00,na,invalid user webmaster,
0.00,0.00,na,invalid user webmaster,
0.00,0.00,na,invalid user webmaster,
0.00,0.00,na,invalid user webmaster,
0.00,0.00,na,invalid user webmaster,
0.00,0.00,na,invalid user webmaster,
0.00,0.00,na,invalid user webmaster,
0.00,0.00,na,invalid user webmaster,
0.00,0.00,na,invalid user webmaster,
0.00,0.00,na,invalid user webmaster,
0.00,0.00,na,invalid user webmaster,
0.00,0.00,na,invalid user webmaster,
0.00,0.00,na,invalid user webmaster,
0.00,0.00,na,invalid user webmaster,
0.00,0.00,na,invalid user webmaster,
0.00,0.00,na,invalid user webmaster,
0.00,0.00,na,invalid user webmaster,
0.00,0.00,na,invalid user webmaster,
0.00,0.00,na,invalid user webmaster,
0.00,0.00,na,invalid user webmaster,
0.00,0.00,na,invalid user webmaster,
0.00,0.00,na,invalid user webmaster,
0.00,0.00,na,invalid user webmaster,
0.00,0.00,na,invalid user webmaster,
0.00,0.00,na,invalid user webmaster,
0.00,0.00,na,invalid user webmaster,
0.00,0.00,na,invalid user webmaster,
0.00,0.00,na,invalid user webmaster,
0.00,0.00,na,invalid user webmaster,
0.00,0.00,na,invalid user webmaster,
0.00,0.00,na,invalid user webmaster,
0.00,0.00,na,invalid user webmaster,
0.00,0.00,na,invalid user webmaster,
0.00,0.00,na,invalid user webmaster,
0.00,0.00,na,invalid user webmaster,
0.00,0.00,na,invalid user webmaster,
0.00,0.00,na,invalid user webmaster,
0.00,0.00,na,invalid user webmaster,
0.00,0.00,na,invalid user webmaster,
0.00,0.00,na,invalid user webmaster,
0.00,0.00,na,invalid user webmaster,
0.00,0.00,na,invalid user webmaster,
0.00,0.00,na,invalid user webmaster,
0.00,0.00,na,invalid user webmaster,
0.00,0.00,na,invalid user webmaster,
0.00,0.00,na,invalid user webmaster,
0.00,0.00,na,invalid user webmaster,
0.00,0.00,na,invalid user webmaster,
0.00,0.00,na,invalid user webmaster,
0.00,0.00,na,invalid user webmaster,
0.00,0.00,na,invalid user webmaster,
0.00,0.00,na,invalid user webmaster,
0.00,0.00,na,invalid user webmaster,
0.00,0.00,na,invalid user webmaster,
0.00,0.00,na,invalid user webmaster,
0.00,0.00,na,invalid user webmaster,
0.00,0.00,na,invalid user webmaster,
0.00,0.00,na,invalid user webmaster,
0.00,0.00,na,invalid user webmaster,
0.00,0.00,na,invalid user webmaster,
0.00,0.00,na,invalid user webmaster,
0.00,0.00,na,invalid user webmaster,
0.00,0.00,na,invalid user webmaster,
0.00,0.00,na,invalid user webmaster,
0.00,0.00,na,invalid user webmaster,
0.00,0.00,na,invalid user webmaster,
0.00,0.00,na,invalid user webmaster,
0.00,0.00,na,invalid user webmaster,
0.00,0.00,na,invalid user webmaster,
0.00,0.00,na,invalid user webmaster,
0.00,0.00,na,invalid user webmaster,
0.00,0.00,na,invalid user webmaster,
0.00,0.00,na,invalid user webmaster,
0.00,0.00,na,invalid user webmaster,
0.00,0.00,na,invalid user webmaster,
0.00,0.00,na,invalid user webmaster,
0.00,0.00,na,invalid user webmaster,
0.00,0.00,na,invalid user webmaster,
0.00,0.00,na,invalid user webmaster,
0.00,0.00,na,invalid user webmaster,
0.00,0.00,na,invalid user webmaster,
0.00,0.00,na,invalid user webmaster,
0.00,0.00,na,invalid user webmaster,
0.00,0.00,na,invalid user webmaster,
0.00,0.00,na,invalid user webmaster,
0.00,0.00,na,invalid user webmaster,
0.00,0.00,na,invalid user webmaster,
0.00,0.00,na,invalid user webmaster,
0.00,0.00,na,invalid user webmaster,
0.00,0.00,na,invalid user webmaster,
0.00,0.00,na,invalid user webmaster,
0.00,0.00,na,invalid user webmaster,
0.00,0.00,na,invalid user webmaster,
0.00,0.00,na,invalid user webmaster,
0.00,0.00,na,invalid user webmaster,
0.00,0.00,na,invalid user webmaster,
0.00,0.00,na,invalid user webmaster,
0.00,0.00,na,invalid user webmaster,
0.00,0.00,na,invalid user webmaster,
0.00,0.00,na,invalid user webmaster,
0.00,0.00,na,invalid user webmaster,
0.00,0.00,na,invalid user webmaster,
0.00,0.00,na,invalid user webmaster,
0.00,0.00,na,invalid user webmaster,
0.00,0.00,na,invalid user webmaster,
0.00,0.00,na,invalid user webmaster,
0.00,0.00,na,invalid user webmaster,
0.00,0.00,na,invalid user webmaster,
0.00,0.00,na,invalid user webmaster,
0.00,0.00,na,invalid user webmaster,
0.00,0.00,na,invalid user webmaster,
0.00,0.00,na,invalid user webmaster,
0.00,0.00,na,invalid user webmaster,
0.00,0.00,na,invalid user webmaster,
0.00,0.00,na,invalid user webmaster,
0.00,0.00,na,invalid user webmaster,
0.00,0.00,na,invalid user webmaster,
0.00,0.00,na,invalid user webmaster,
0.00,0.00,na,invalid user webmaster,
0.00,0.00,na,invalid user webmaster,
0.00,0.00,na,invalid user webmaster,
0.00,0.00,na,invalid user webmaster,
0.00,0.00,na,invalid user webmaster,
0.00,0.00,na,invalid user webmaster,
0.00,0.00,na,invalid user webmaster,
0.00,0.00,na,invalid user webmaster,
0.00,0.00,na,invalid user webmaster,
0.00,0.00,na,invalid user webmaster,
0.00,0.00,na,invalid user webmaster,
0.00,0.00,na,invalid user webmaster,
0.00,0.00,na,invalid user webmaster,
0.00,0.00,na,invalid user webmaster,
0.00,0.00,na,invalid user webmaster,
0.00,0.00,na,invalid user webmaster,
0.00,0.00,na,invalid user webmaster,
0.00,0.00,na,invalid user webmaster,
0.00,0.00,na,invalid user webmaster,
0.00,0.00,na,invalid user webmaster,
0.00,0.00,na,invalid user webmaster,
0.00,0.00,na,invalid user webmaster,
0.00,0.00,na,invalid user webmaster,
0.00,0.00,na,invalid user webmaster,
0.00,0.00,na,invalid user webmaster,
0.00,0.00,na,invalid user webmaster,
0.00,0.00,na,invalid user webmaster,
0.00,0.00,na,invalid user webmaster,
0.00,0.00,na,invalid user webmaster,
0.00,0.00,na,invalid user webmaster,
0.00,0.00,na,invalid user webmaster,
0.00,0.00,na,invalid user webmaster,
0.00,0.00,na,invalid user webmaster,
0.00,0.00,na,invalid user webmaster,
0.00,0.00,na,invalid user webmaster,
0.00,0.00,na,invalid user webmaster,
0.00,0.00,na,invalid user webmaster,
0.00,0.00,na,invalid user webmaster,
0.00,0.00,na,invalid user webmaster,
0.00,0.00,na,invalid user webmaster,
0.00,0.00,na,invalid user webmaster,
0.00,0.00,na,invalid user webmaster,
0.00,0.00,na,invalid user webmaster,
0.00,0.00,na,invalid user webmaster,
0.00,0.00,na,invalid user webmaster,
0.00,0.00,na,invalid user webmaster,
0.00,0.00,na,invalid user webmaster,
0.00,0.00,na,invalid user webmaster,
0.00,0.00,na,invalid user webmaster,
0.00,0.00,na,invalid user webmaster,
0.00,0.00,na,invalid user webmaster,
0.00,0.00,na,invalid user webmaster,
0.00,0.00,na,invalid user webmaster,
0.00,0.00,na,invalid user webmaster,
0.00,0.00,na,invalid user webmaster,
0.00,0.00,na,invalid user webmaster,
0.00,0.00,na,invalid user webmaster,
0.00,0.00,na,invalid user webmaster,
0.00,0.00,na,invalid user webmaster,
0.00,0.00,na,invalid user webmaster,
0.00,0.00,na,invalid user webmaster,
0.00,0.00,na,invalid user webmaster,
0.00,0.00,na,invalid user webmaster,
0.00,0.00,na,invalid user webmaster,
0.00,0.00,na,invalid user webmaster,
0.00,0.00,na,invalid user webmaster,
0.00,0.00,na,invalid user webmaster,
0.00,0.00,na,invalid user webmaster,
0.00,0.00,na,invalid user webmaster,
0.00,0.00,na,invalid user webmaster,
0.00,0.00,na,invalid user webmaster,
0.00,0.00,na,invalid user webmaster,
0.00,0.00,na,invalid user webmaster,
0.00,0.00,na,invalid user webmaster,
0.00,0.00,na,invalid user webmaster,
0.00,0.00,na,invalid user webmaster,
0.00,0.00,na,invalid user webmaster,
0.00,0.00,na,invalid user webmaster,
0.00,0.00,na,invalid user webmaster,
0.00,0.00,na,invalid user webmaster,
0.00,0.00,na,invalid user webmaster,
0.00,0.00,na,invalid user webmaster,
0.00,0.00,na,invalid user webmaster,
0.00,0.00,na,invalid user webmaster,
0.00,0.00,na,invalid user webmaster,
0.00,0.00,na,invalid user webmaster,
0.00,0.00,na,invalid user webmaster,
0.00,0.00,na,invalid user webmaster,
0.00,0.00,na,invalid user webmaster,
0.00,0.00,na,invalid user webmaster,
0.00,0.00,na,invalid user webmaster,
0.00,0.00,na,invalid user webmaster,
0.00,0.00,na,invalid user webmaster,
0.00,0.00,na,invalid user webmaster,
0.00,0.00,na,invalid user webmaster,
0.00,0.00,na,invalid user webmaster,
0.00,0.00,na,invalid user webmaster,
0.00,0.00,na,invalid user webmaster,
0.00,0.00,na,invalid user webmaster,
0.00,0.00,na,invalid user webmaster,
0.00,0.00,na,invalid user webmaster,
0.00,0.00,na,invalid user webmaster,
0.00,0.00,na,invalid user webmaster,
0.00,0.00,na,invalid user webmaster,
0.00,0.00,na,invalid user webmaster,
0.00,0.00,na,invalid user webmaster,
0.00,0.00,na,invalid user webmaster,
0.00,0.00,na,invalid user webmaster,
0.00,0.00,na,invalid user webmaster,
0.00,0.00,na,invalid user webmaster,
0.00,0.00,na,invalid user webmaster,
0.00,0.00,na,invalid user webmaster,
0.00,0.00,na,invalid user webmaster,
0.00,0.00,na,invalid user webmaster,
0.00,0.00,na,invalid user webmaster,
0.00,0.00,na,invalid user webmaster,
0.00,0.00,na,invalid user webmaster,
0.00,0.00,na,invalid user webmaster,
0.00,0.00,na,invalid user webmaster,
0.00,0.00,na,invalid user webmaster,
0.00,0.00,na,invalid user webmaster,
0.00,0.00,na,invalid user webmaster,
0.00,0.00,na,invalid user webmaster,
0.00,0.00,na,invalid user webmaster,
0.00,0.00,na,invalid user webmaster,
0.00,0.00,na,invalid user webmaster,
0.00,0.00,na,invalid user webmaster,
0.00,0.00,na,invalid user webmaster,
0.00,0.00,na,invalid user webmaster,
0.00,0.00,na,invalid user webmaster,
0.00,0.00,na,invalid user webmaster,
0.00,0.00,na,invalid user webmaster,
0.00,0.00,na,invalid user webmaster,
0.00,0.00,na,invalid user webmaster,
0.00,0.00,na,invalid user webmaster,
0.00,0.00,na,invalid user webmaster,
0.00,0.00,na,invalid user webmaster,
0.00,0.00,na,invalid user webmaster,
0.00,0.00,na,invalid user webmaster,
0.00,0.00,na,invalid user webmaster,
0.00,0.00,na,invalid user webmaster,
0.00,0.00,na,invalid user webmaster,
0.00,0.00,na,invalid user webmaster,
0.00,0.00,na,invalid user webmaster,
0.00,0.00,na,invalid user webmaster,
0.00,0.00,na,invalid user webmaster,
0.00,0.00,na,invalid user webmaster,
0.00,0.00,na,invalid user webmaster,
0.00,0.00,na,invalid user webmaster,
0.00,0.00,na,invalid user webmaster,
0.00,0.00,na,invalid user webmaster,
0.00,0.00,na,invalid user webmaster,
0.00,0.00,na,invalid user webmaster,
0.00,0.00,na,invalid user webmaster,
0.00,0.00,na,invalid user webmaster,
0.00,0.00,na,invalid user webmaster,
0.00,0.00,na,invalid user webmaster,
0.00,0.00,na,invalid user webmaster,
0.00,0.00,na,invalid user webmaster,
0.00,0.00,na,invalid user webmaster,
0.00,0.00,na,invalid user webmaster,
0.00,0.00,na,invalid user webmaster,
0.00,0.00,na,invalid user webmaster,
0.00,0.00,na,invalid user webmaster,
0.00,0.00,na,invalid user webmaster,
0.00,0.00,na,invalid user webmaster,
0.00,0.00,na,invalid user webmaster,
0.00,0.00,na,invalid user webmaster,
0.00,0.00,na,invalid user webmaster,
0.00,0.00,na,invalid user webmaster,
0.00,0.00,na,invalid user webmaster,
0.00,0.00,na,invalid user webmaster,
0.00,0.00,na,invalid user webmaster,
0.00,0.00,na,invalid user webmaster,
0.00,0.00,na,invalid user webmaster,
0.00,0.00,na,invalid user webmaster,
0.00,0.00,na,invalid user webmaster,
0.00,0.00,na,invalid user webmaster,
0.00,0.00,na,invalid user webmaster,
0.00,0.00,na,invalid user webmaster,
0.00,0.00,na,invalid user webmaster,
0.00,0.00,na,invalid user webmaster,
0.00,0.00,na,invalid user webmaster,
0.00,0.00,na,invalid user webmaster,
0.00,0.00,na,invalid user webmaster,
0.00,0.00,na,invalid user webmaster,
0.00,0.00,na,invalid user webmaster,
0.00,0.00,na,invalid user webmaster,
0.00,0.00,na,invalid user webmaster,
0.00,0.00,na,invalid user webmaster,
0.00,0.00,na,invalid user webmaster,
0.00,0.00,na,invalid user webmaster,
0.00,0.00,na,invalid user webmaster,
0.00,0.00,na,invalid user webmaster,
0.00,0.00,na,invalid user webmaster,
0.00,0.00,na,invalid user webmaster,
0.00,0.00,na,invalid user webmaster,
0.00,0.00,na,invalid user webmaster,
0.00,0.00,na,invalid user webmaster,
0.00,0.00,na,invalid user webmaster,
0.00,0.00,na,invalid user webmaster,
0.00,0.00,na,invalid user webmaster,
0.00,0.00,na,invalid user webmaster,
0.00,0.00,na,invalid user webmaster,
0.00,0.00,na,invalid user webmaster,
0.00,0.00,na,invalid user webmaster,
0.00,0.00,na,invalid user webmaster,
0.00,0.00,na,invalid user webmaster,
0.00,0.00,na,invalid user webmaster,
0.00,0.00,na,invalid user webmaster,
0.00,0.00,na,invalid user webmaster,
0.00,0.00,na,invalid user webmaster,
0.00,0.00,na,invalid user webmaster,
0.00,0.00,na,invalid user webmaster,
0.00,0.00,na,invalid user webmaster,
0.00,0.00,na,invalid user webmaster,
0.00,0.00,na,invalid user webmaster,
0.00,0.00,na,invalid user webmaster,
0.00,0.00,na,invalid user webmaster,
0.00,0.00,na,invalid user webmaster,
0.00,0.00,na,invalid user webmaster,
0.00,0.00,na,invalid user webmaster,
0.00,0.00,na,invalid user webmaster,
0.00,0.00,na,invalid user webmaster,
0.00,0.00,na,invalid user webmaster,
0.00,0.00,na,invalid user webmaster,
0.00,0.00,na,invalid user webmaster,
0.00,0.00,na,invalid user webmaster,
0.00,0.00,na,invalid user webmaster,
0.00,0.00,na,invalid user webmaster,
0.00,0.00,na,invalid user webmaster,
0.00,0.00,na,invalid user webmaster,
0.00,0.00,na,invalid user webmaster,
0.00,0.00,na,invalid user webmaster,
0.00,0.00,na,invalid user webmaster,
0.00,0.00,na,invalid user webmaster,
0.00,0.00,na,invalid user webmaster,
0.00,0.00,na,invalid user webmaster,
0.00,0.00,na,invalid user webmaster,
0.00,0.00,na,invalid user webmaster,
0.00,0.00,na,invalid user webmaster,
0.00,0.00,na,invalid user webmaster,
0.00,0.00,na,invalid user webmaster,
0.00,0.00,na,invalid user webmaster,
0.00,0.00,na,invalid user webmaster,
0.00,0.00,na,invalid user webmaster,
0.00,0.00,na,invalid user webmaster,
0.00,0.00,na,invalid user webmaster,
0.00,0.00,na,invalid user webmaster,
0.00,0.00,na,invalid user webmaster,
0.00,0.00,na,invalid user webmaster,
0.00,0.00,na,invalid user webmaster,
0.00,0.00,na,invalid user webmaster,
