0.00,0.00,na,|unknown device:address location banned:ip address suspicious:too many login attempts:suspicious login attempt,
0.00,0.00,na,|unknown device:address location banned:ip address suspicious:too many login attempts:suspicious login attempt,
0.00,0.00,na,|unknown device:address location banned:ip address suspicious:too many login attempts:suspicious login attempt,
0.00,0.00,na,|unknown device:address location banned:ip address suspicious:too many login attempts:suspicious login attempt,
0.00,0.00,na,|unknown device:address location banned:ip address suspicious:too many login attempts:suspicious login attempt,
0.00,0.00,na,|unknown device:address location banned:ip address suspicious:too many login attempts:suspicious login attempt,
0.00,0.00,na,|unknown device:address location banned:ip address suspicious:too many login attempts:suspicious login attempt,
0.00,0.00,na,|unknown device:address location banned:ip address suspicious:too many login attempts:suspicious login attempt,
0.00,0.00,na,|unknown device:address location banned:ip address suspicious:too many login attempts:suspicious login attempt,
0.00,0.00,na,|unknown device:address location banned:ip address suspicious:too many login attempts:suspicious login attempt,
0.00,0.00,na,|unknown device:address location banned:ip address suspicious:too many login attempts:suspicious login attempt,
0.00,0.00,na,|unknown device:address location banned:ip address suspicious:too many login attempts:suspicious login attempt,
0.00,0.00,na,|unknown device:address location banned:ip address suspicious:too many login attempts:suspicious login attempt,
0.00,0.00,na,|unknown device:address location banned:ip address suspicious:too many login attempts:suspicious login attempt,
0.00,0.00,na,|unknown device:address location banned:ip address suspicious:too many login attempts:suspicious login attempt,
0.00,0.00,na,|unknown device:address location banned:ip address suspicious:too many login attempts:suspicious login attempt,
0.00,0.00,na,|unknown device:address location banned:ip address suspicious:too many login attempts:suspicious login attempt,
0.00,0.00,na,|unknown device:address location banned:ip address suspicious:too many login attempts:suspicious login attempt,
0.00,0.00,na,|unknown device:address location banned:ip address suspicious:too many login attempts:suspicious login attempt,
0.00,0.00,na,|unknown device:address location banned:ip address suspicious:too many login attempts:suspicious login attempt,
0.00,0.00,na,|unknown device:address location banned:ip address suspicious:too many login attempts:suspicious login attempt,
0.00,0.00,na,|unknown device:address location banned:ip address suspicious:too many login attempts:suspicious login attempt,
0.00,0.00,na,|unknown device:address location banned:ip address suspicious:too many login attempts:suspicious login attempt,
0.00,0.00,na,|unknown device:address location banned:ip address suspicious:too many login attempts:suspicious login attempt,
0.00,0.00,na,|unknown device:address location banned:ip address suspicious:too many login attempts:suspicious login attempt,
0.00,0.00,na,|unknown device:address location banned:ip address suspicious:too many login attempts:suspicious login attempt,
0.00,0.00,na,|unknown device:address location banned:ip address suspicious:too many login attempts:suspicious login attempt,
0.00,0.00,na,|unknown device:address location banned:ip address suspicious:too many login attempts:suspicious login attempt,
0.00,0.00,na,|unknown device:address location banned:ip address suspicious:too many login attempts:suspicious login attempt,
0.00,0.00,na,|unknown device:address location banned:ip address suspicious:too many login attempts:suspicious login attempt,
0.00,0.00,na,|unknown device:address location banned:ip address suspicious:too many login attempts:suspicious login attempt,
0.00,0.00,na,|unknown device:address location banned:ip address suspicious:too many login attempts:suspicious login attempt,
0.00,0.00,na,|unknown device:address location banned:ip address suspicious:too many login attempts:suspicious login attempt,
0.00,0.00,na,|unknown device:address location banned:ip address suspicious:too many login attempts:suspicious login attempt,
0.00,0.00,na,|unknown device:address location banned:ip address suspicious:too many login attempts:suspicious login attempt,
0.00,0.00,na,|unknown device:address location banned:ip address suspicious:too many login attempts:suspicious login attempt,
0.00,0.00,na,|unknown device:address location banned:ip address suspicious:too many login attempts:suspicious login attempt,
0.00,0.00,na,|unknown device:address location banned:ip address suspicious:too many login attempts:suspicious login attempt,
0.00,0.00,na,|unknown device:address location banned:ip address suspicious:too many login attempts:suspicious login attempt,
0.00,0.00,na,|unknown device:address location banned:ip address suspicious:too many login attempts:suspicious login attempt,
0.00,0.00,na,|unknown device:address location banned:ip address suspicious:too many login attempts:suspicious login attempt,
0.00,0.00,na,|unknown device:address location banned:ip address suspicious:too many login attempts:suspicious login attempt,
0.00,0.00,na,|unknown device:address location banned:ip address suspicious:too many login attempts:suspicious login attempt,
0.00,0.00,na,|unknown device:address location banned:ip address suspicious:too many login attempts:suspicious login attempt,
0.00,0.00,na,|unknown device:address location banned:ip address suspicious:too many login attempts:suspicious login attempt,
0.00,0.00,na,|unknown device:address location banned:ip address suspicious:too many login attempts:suspicious login attempt,
0.00,0.00,na,|unknown device:address location banned:ip address suspicious:too many login attempts:suspicious login attempt,
0.00,0.00,na,|unknown device:address location banned:ip address suspicious:too many login attempts:suspicious login attempt,
0.00,0.00,na,|unknown device:address location banned:ip address suspicious:too many login attempts:suspicious login attempt,
0.00,0.00,na,|unknown device:address location banned:ip address suspicious:too many login attempts:suspicious login attempt,
0.00,0.00,na,|unknown device:address location banned:ip address suspicious:too many login attempts:suspicious login attempt,
0.00,0.00,na,|unknown device:address location banned:ip address suspicious:too many login attempts:suspicious login attempt,
0.00,0.00,na,|unknown device:address location banned:ip address suspicious:too many login attempts:suspicious login attempt,
0.00,0.00,na,|unknown device:address location banned:ip address suspicious:too many login attempts:suspicious login attempt,
0.00,0.00,na,|unknown device:address location banned:ip address suspicious:too many login attempts:suspicious login attempt,
0.00,0.00,na,|unknown device:address location banned:ip address suspicious:too many login attempts:suspicious login attempt,
0.00,0.00,na,|unknown device:address location banned:ip address suspicious:too many login attempts:suspicious login attempt,
0.00,0.00,na,|unknown device:address location banned:ip address suspicious:too many login attempts:suspicious login attempt,
0.00,0.00,na,|unknown device:address location banned:ip address suspicious:too many login attempts:suspicious login attempt,
0.00,0.00,na,|unknown device:address location banned:ip address suspicious:too many login attempts:suspicious login attempt,
0.00,0.00,na,|unknown device:address location banned:ip address suspicious:too many login attempts:suspicious login attempt,
0.00,0.00,na,|unknown device:address location banned:ip address suspicious:too many login attempts:suspicious login attempt,
0.00,0.00,na,|unknown device:address location banned:ip address suspicious:too many login attempts:suspicious login attempt,
0.00,0.00,na,|unknown device:address location banned:ip address suspicious:too many login attempts:suspicious login attempt,
0.00,0.00,na,|unknown device:address location banned:ip address suspicious:too many login attempts:suspicious login attempt,
0.00,0.00,na,|unknown device:address location banned:ip address suspicious:too many login attempts:suspicious login attempt,
0.00,0.00,na,|unknown device:address location banned:ip address suspicious:too many login attempts:suspicious login attempt,
0.00,0.00,na,|unknown device:address location banned:ip address suspicious:too many login attempts:suspicious login attempt,
0.00,0.00,na,|unknown device:address location banned:ip address suspicious:too many login attempts:suspicious login attempt,
0.00,0.00,na,|unknown device:address location banned:ip address suspicious:too many login attempts:suspicious login attempt,
0.00,0.00,na,|unknown device:address location banned:ip address suspicious:too many login attempts:suspicious login attempt,
0.00,0.00,na,|unknown device:address location banned:ip address suspicious:too many login attempts:suspicious login attempt,
0.00,0.00,na,|unknown device:address location banned:ip address suspicious:too many login attempts:suspicious login attempt,
0.00,0.00,na,|unknown device:address location banned:ip address suspicious:too many login attempts:suspicious login attempt,
0.00,0.00,na,|unknown device:address location banned:ip address suspicious:too many login attempts:suspicious login attempt,
0.00,0.00,na,|unknown device:address location banned:ip address suspicious:too many login attempts:suspicious login attempt,
0.00,0.00,na,|unknown device:address location banned:ip address suspicious:too many login attempts:suspicious login attempt,
0.00,0.00,na,|unknown device:address location banned:ip address suspicious:too many login attempts:suspicious login attempt,
0.00,0.00,na,|unknown device:address location banned:ip address suspicious:too many login attempts:suspicious login attempt,
0.00,0.00,na,|unknown device:address location banned:ip address suspicious:too many login attempts:suspicious login attempt,
0.00,0.00,na,|unknown device:address location banned:ip address suspicious:too many login attempts:suspicious login attempt,
0.00,0.00,na,|unknown device:address location banned:ip address suspicious:too many login attempts:suspicious login attempt,
0.00,0.00,na,|unknown device:address location banned:ip address suspicious:too many login attempts:suspicious login attempt,
0.00,0.00,na,|unknown device:address location banned:ip address suspicious:too many login attempts:suspicious login attempt,
0.00,0.00,na,|unknown device:address location banned:ip address suspicious:too many login attempts:suspicious login attempt,
0.00,0.00,na,|unknown device:address location banned:ip address suspicious:too many login attempts:suspicious login attempt,
0.00,0.00,na,|unknown device:address location banned:ip address suspicious:too many login attempts:suspicious login attempt,
0.00,0.00,na,|unknown device:address location banned:ip address suspicious:too many login attempts:suspicious login attempt,
0.00,0.00,na,|unknown device:address location banned:ip address suspicious:too many login attempts:suspicious login attempt,
0.00,0.00,na,|unknown device:address location banned:ip address suspicious:too many login attempts:suspicious login attempt,
0.00,0.00,na,|unknown device:address location banned:ip address suspicious:too many login attempts:suspicious login attempt,
0.00,0.00,na,|unknown device:address location banned:ip address suspicious:too many login attempts:suspicious login attempt,
0.00,0.00,na,|unknown device:address location banned:ip address suspicious:too many login attempts:suspicious login attempt,
0.00,0.00,na,|unknown device:address location banned:ip address suspicious:too many login attempts:suspicious login attempt,
0.00,0.00,na,|unknown device:address location banned:ip address suspicious:too many login attempts:suspicious login attempt,
0.00,0.00,na,|unknown device:address location banned:ip address suspicious:too many login attempts:suspicious login attempt,
0.00,0.00,na,|unknown device:address location banned:ip address suspicious:too many login attempts:suspicious login attempt,
0.00,0.00,na,|unknown device:address location banned:ip address suspicious:too many login attempts:suspicious login attempt,
0.00,0.00,na,|unknown device:address location banned:ip address suspicious:too many login attempts:suspicious login attempt,
0.00,0.00,na,|unknown device:address location banned:ip address suspicious:too many login attempts:suspicious login attempt,
0.00,0.00,na,|unknown device:address location banned:ip address suspicious:too many login attempts:suspicious login attempt,
0.00,0.00,na,|unknown device:address location banned:ip address suspicious:too many login attempts:suspicious login attempt,
0.00,0.00,na,|unknown device:address location banned:ip address suspicious:too many login attempts:suspicious login attempt,
0.00,0.00,na,|unknown device:address location banned:ip address suspicious:too many login attempts:suspicious login attempt,
0.00,0.00,na,|unknown device:address location banned:ip address suspicious:too many login attempts:suspicious login attempt,
0.00,0.00,na,|unknown device:address location banned:ip address suspicious:too many login attempts:suspicious login attempt,
0.00,0.00,na,|unknown device:address location banned:ip address suspicious:too many login attempts:suspicious login attempt,
0.00,0.00,na,|unknown device:address location banned:ip address suspicious:too many login attempts:suspicious login attempt,
0.00,0.00,na,|unknown device:address location banned:ip address suspicious:too many login attempts:suspicious login attempt,
0.00,0.00,na,|unknown device:address location banned:ip address suspicious:too many login attempts:suspicious login attempt,
0.00,0.00,na,|unknown device:address location banned:ip address suspicious:too many login attempts:suspicious login attempt,
0.00,0.00,na,|unknown device:address location banned:ip address suspicious:too many login attempts:suspicious login attempt,
0.00,0.00,na,|unknown device:address location banned:ip address suspicious:too many login attempts:suspicious login attempt,
0.00,0.00,na,|unknown device:address location banned:ip address suspicious:too many login attempts:suspicious login attempt,
0.00,0.00,na,|unknown device:address location banned:ip address suspicious:too many login attempts:suspicious login attempt,
0.00,0.00,na,|unknown device:address location banned:ip address suspicious:too many login attempts:suspicious login attempt,
0.00,0.00,na,|unknown device:address location banned:ip address suspicious:too many login attempts:suspicious login attempt,
0.00,0.00,na,|unknown device:address location banned:ip address suspicious:too many login attempts:suspicious login attempt,
0.00,0.00,na,|unknown device:address location banned:ip address suspicious:too many login attempts:suspicious login attempt,
0.00,0.00,na,|unknown device:address location banned:ip address suspicious:too many login attempts:suspicious login attempt,
0.00,0.00,na,|unknown device:address location banned:ip address suspicious:too many login attempts:suspicious login attempt,
0.00,0.00,na,|unknown device:address location banned:ip address suspicious:too many login attempts:suspicious login attempt,
0.00,0.00,na,|unknown device:address location banned:ip address suspicious:too many login attempts:suspicious login attempt,
0.00,0.00,na,|unknown device:address location banned:ip address suspicious:too many login attempts:suspicious login attempt,
0.00,0.00,na,|unknown device:address location banned:ip address suspicious:too many login attempts:suspicious login attempt,
0.00,0.00,na,|unknown device:address location banned:ip address suspicious:too many login attempts:suspicious login attempt,
0.00,0.00,na,|unknown device:address location banned:ip address suspicious:too many login attempts:suspicious login attempt,
0.00,0.00,na,|unknown device:address location banned:ip address suspicious:too many login attempts:suspicious login attempt,
0.00,0.00,na,|unknown device:address location banned:ip address suspicious:too many login attempts:suspicious login attempt,
0.00,0.00,na,|unknown device:address location banned:ip address suspicious:too many login attempts:suspicious login attempt,
0.00,0.00,na,|unknown device:address location banned:ip address suspicious:too many login attempts:suspicious login attempt,
0.00,0.00,na,|unknown device:address location banned:ip address suspicious:too many login attempts:suspicious login attempt,
0.00,0.00,na,|unknown device:address location banned:ip address suspicious:too many login attempts:suspicious login attempt,
0.00,0.00,na,|unknown device:address location banned:ip address suspicious:too many login attempts:suspicious login attempt,
0.00,0.00,na,|unknown device:address location banned:ip address suspicious:too many login attempts:suspicious login attempt,
0.00,0.00,na,|unknown device:address location banned:ip address suspicious:too many login attempts:suspicious login attempt,
0.00,0.00,na,|unknown device:address location banned:ip address suspicious:too many login attempts:suspicious login attempt,
0.00,0.00,na,|unknown device:address location banned:ip address suspicious:too many login attempts:suspicious login attempt,
0.00,0.00,na,|unknown device:address location banned:ip address suspicious:too many login attempts:suspicious login attempt,
0.00,0.00,na,|unknown device:address location banned:ip address suspicious:too many login attempts:suspicious login attempt,
0.00,0.00,na,|unknown device:address location banned:ip address suspicious:too many login attempts:suspicious login attempt,
0.00,0.00,na,|unknown device:address location banned:ip address suspicious:too many login attempts:suspicious login attempt,
0.00,0.00,na,|unknown device:address location banned:ip address suspicious:too many login attempts:suspicious login attempt,
0.00,0.00,na,|unknown device:address location banned:ip address suspicious:too many login attempts:suspicious login attempt,
0.00,0.00,na,|unknown device:address location banned:ip address suspicious:too many login attempts:suspicious login attempt,
0.00,0.00,na,|unknown device:address location banned:ip address suspicious:too many login attempts:suspicious login attempt,
0.00,0.00,na,|unknown device:address location banned:ip address suspicious:too many login attempts:suspicious login attempt,
0.00,0.00,na,|unknown device:address location banned:ip address suspicious:too many login attempts:suspicious login attempt,
0.00,0.00,na,|unknown device:address location banned:ip address suspicious:too many login attempts:suspicious login attempt,
0.00,0.00,na,|unknown device:address location banned:ip address suspicious:too many login attempts:suspicious login attempt,
0.00,0.00,na,|unknown device:address location banned:ip address suspicious:too many login attempts:suspicious login attempt,
0.00,0.00,na,|unknown device:address location banned:ip address suspicious:too many login attempts:suspicious login attempt,
0.00,0.00,na,|unknown device:address location banned:ip address suspicious:too many login attempts:suspicious login attempt,
0.00,0.00,na,|unknown device:address location banned:ip address suspicious:too many login attempts:suspicious login attempt,
0.00,0.00,na,|unknown device:address location banned:ip address suspicious:too many login attempts:suspicious login attempt,
0.00,0.00,na,|unknown device:address location banned:ip address suspicious:too many login attempts:suspicious login attempt,
0.00,0.00,na,|unknown device:address location banned:ip address suspicious:too many login attempts:suspicious login attempt,
0.00,0.00,na,|unknown device:address location banned:ip address suspicious:too many login attempts:suspicious login attempt,
0.00,0.00,na,|unknown device:address location banned:ip address suspicious:too many login attempts:suspicious login attempt,
0.00,0.00,na,|unknown device:address location banned:ip address suspicious:too many login attempts:suspicious login attempt,
0.00,0.00,na,|unknown device:address location banned:ip address suspicious:too many login attempts:suspicious login attempt,
0.00,0.00,na,|unknown device:address location banned:ip address suspicious:too many login attempts:suspicious login attempt,
0.00,0.00,na,|unknown device:address location banned:ip address suspicious:too many login attempts:suspicious login attempt,
0.00,0.00,na,|unknown device:address location banned:ip address suspicious:too many login attempts:suspicious login attempt,
0.00,0.00,na,|unknown device:address location banned:ip address suspicious:too many login attempts:suspicious login attempt,
0.00,0.00,na,|unknown device:address location banned:ip address suspicious:too many login attempts:suspicious login attempt,
0.00,0.00,na,|unknown device:address location banned:ip address suspicious:too many login attempts:suspicious login attempt,
0.00,0.00,na,|unknown device:address location banned:ip address suspicious:too many login attempts:suspicious login attempt,
0.00,0.00,na,|unknown device:address location banned:ip address suspicious:too many login attempts:suspicious login attempt,
0.00,0.00,na,|unknown device:address location banned:ip address suspicious:too many login attempts:suspicious login attempt,
0.00,0.00,na,|unknown device:address location banned:ip address suspicious:too many login attempts:suspicious login attempt,
0.00,0.00,na,|unknown device:address location banned:ip address suspicious:too many login attempts:suspicious login attempt,
0.00,0.00,na,|unknown device:address location banned:ip address suspicious:too many login attempts:suspicious login attempt,
0.00,0.00,na,|unknown device:address location banned:ip address suspicious:too many login attempts:suspicious login attempt,
0.00,0.00,na,|unknown device:address location banned:ip address suspicious:too many login attempts:suspicious login attempt,
0.00,0.00,na,|unknown device:address location banned:ip address suspicious:too many login attempts:suspicious login attempt,
0.00,0.00,na,|unknown device:address location banned:ip address suspicious:too many login attempts:suspicious login attempt,
0.00,0.00,na,|unknown device:address location banned:ip address suspicious:too many login attempts:suspicious login attempt,
0.00,0.00,na,|unknown device:address location banned:ip address suspicious:too many login attempts:suspicious login attempt,
0.00,0.00,na,|unknown device:address location banned:ip address suspicious:too many login attempts:suspicious login attempt,
0.00,0.00,na,|unknown device:address location banned:ip address suspicious:too many login attempts:suspicious login attempt,
0.00,0.00,na,|unknown device:address location banned:ip address suspicious:too many login attempts:suspicious login attempt,
0.00,0.00,na,|unknown device:address location banned:ip address suspicious:too many login attempts:suspicious login attempt,
0.00,0.00,na,|unknown device:address location banned:ip address suspicious:too many login attempts:suspicious login attempt,
0.00,0.00,na,|unknown device:address location banned:ip address suspicious:too many login attempts:suspicious login attempt,
0.00,0.00,na,|unknown device:address location banned:ip address suspicious:too many login attempts:suspicious login attempt,
0.00,0.00,na,|unknown device:address location banned:ip address suspicious:too many login attempts:suspicious login attempt,
0.00,0.00,na,|unknown device:address location banned:ip address suspicious:too many login attempts:suspicious login attempt,
0.00,0.00,na,|unknown device:address location banned:ip address suspicious:too many login attempts:suspicious login attempt,
0.00,0.00,na,|unknown device:address location banned:ip address suspicious:too many login attempts:suspicious login attempt,
0.00,0.00,na,|unknown device:address location banned:ip address suspicious:too many login attempts:suspicious login attempt,
0.00,0.00,na,|unknown device:address location banned:ip address suspicious:too many login attempts:suspicious login attempt,
0.00,0.00,na,|unknown device:address location banned:ip address suspicious:too many login attempts:suspicious login attempt,
0.00,0.00,na,|unknown device:address location banned:ip address suspicious:too many login attempts:suspicious login attempt,
0.00,0.00,na,|unknown device:address location banned:ip address suspicious:too many login attempts:suspicious login attempt,
0.00,0.00,na,|unknown device:address location banned:ip address suspicious:too many login attempts:suspicious login attempt,
0.00,0.00,na,|unknown device:address location banned:ip address suspicious:too many login attempts:suspicious login attempt,
0.00,0.00,na,|unknown device:address location banned:ip address suspicious:too many login attempts:suspicious login attempt,
0.00,0.00,na,|unknown device:address location banned:ip address suspicious:too many login attempts:suspicious login attempt,
0.00,0.00,na,|unknown device:address location banned:ip address suspicious:too many login attempts:suspicious login attempt,
0.00,0.00,na,|unknown device:address location banned:ip address suspicious:too many login attempts:suspicious login attempt,
0.00,0.00,na,|unknown device:address location banned:ip address suspicious:too many login attempts:suspicious login attempt,
0.00,0.00,na,|unknown device:address location banned:ip address suspicious:too many login attempts:suspicious login attempt,
0.00,0.00,na,|unknown device:address location banned:ip address suspicious:too many login attempts:suspicious login attempt,
0.00,0.00,na,|unknown device:address location banned:ip address suspicious:too many login attempts:suspicious login attempt,
0.00,0.00,na,|unknown device:address location banned:ip address suspicious:too many login attempts:suspicious login attempt,
0.00,0.00,na,|unknown device:address location banned:ip address suspicious:too many login attempts:suspicious login attempt,
0.00,0.00,na,|unknown device:address location banned:ip address suspicious:too many login attempts:suspicious login attempt,
0.00,0.00,na,|unknown device:address location banned:ip address suspicious:too many login attempts:suspicious login attempt,
0.00,0.00,na,|unknown device:address location banned:ip address suspicious:too many login attempts:suspicious login attempt,
0.00,0.00,na,|unknown device:address location banned:ip address suspicious:too many login attempts:suspicious login attempt,
0.00,0.00,na,|unknown device:address location banned:ip address suspicious:too many login attempts:suspicious login attempt,
0.00,0.00,na,|unknown device:address location banned:ip address suspicious:too many login attempts:suspicious login attempt,
0.00,0.00,na,|unknown device:address location banned:ip address suspicious:too many login attempts:suspicious login attempt,
0.00,0.00,na,|unknown device:address location banned:ip address suspicious:too many login attempts:suspicious login attempt,
0.00,0.00,na,|unknown device:address location banned:ip address suspicious:too many login attempts:suspicious login attempt,
0.00,0.00,na,|unknown device:address location banned:ip address suspicious:too many login attempts:suspicious login attempt,
0.00,0.00,na,|unknown device:address location banned:ip address suspicious:too many login attempts:suspicious login attempt,
0.00,0.00,na,|unknown device:address location banned:ip address suspicious:too many login attempts:suspicious login attempt,
0.00,0.00,na,|unknown device:address location banned:ip address suspicious:too many login attempts:suspicious login attempt,
0.00,0.00,na,|unknown device:address location banned:ip address suspicious:too many login attempts:suspicious login attempt,
0.00,0.00,na,|unknown device:address location banned:ip address suspicious:too many login attempts:suspicious login attempt,
0.00,0.00,na,|unknown device:address location banned:ip address suspicious:too many login attempts:suspicious login attempt,
0.00,0.00,na,|unknown device:address location banned:ip address suspicious:too many login attempts:suspicious login attempt,
0.00,0.00,na,|unknown device:address location banned:ip address suspicious:too many login attempts:suspicious login attempt,
0.00,0.00,na,|unknown device:address location banned:ip address suspicious:too many login attempts:suspicious login attempt,
0.00,0.00,na,|unknown device:address location banned:ip address suspicious:too many login attempts:suspicious login attempt,
0.00,0.00,na,|unknown device:address location banned:ip address suspicious:too many login attempts:suspicious login attempt,
0.00,0.00,na,|unknown device:address location banned:ip address suspicious:too many login attempts:suspicious login attempt,
