1.00,2.00,[Topic=rtms-stream-mylogs][MessageFound=(29439: synchronized to 10.100.16.250  stratum 3 getaddrinfo for ns.marryaldkfaczcz.com - 1131566885 2005.11.09 cn591 Nov 9 12:08:05 cn59)][UserSearch=(getaddrinfo for ns.marryaldkfaczcz.com)];[Topic=rtms-stream-mylogs][MessageFound=(datasource - 1131567325 2005.11.09 getaddrinfo for ns.marryaldkfaczcz.comtbird-admin1 Nov 9 12:15:25 local@tbird-admin1 /ap)][UserSearch=(getaddrinfo for ns.marryaldkfaczcz.com)];,getaddrinfo for ns.marryaldkfaczcz.com,0:220873;0:220930;
1.00,2.00,[Topic=rtms-stream-mylogs][MessageFound=(55:46 LabSZ sshd24200: reverse mapping checking getaddrinfo for ns.marryaldkfaczcz.com 173.234.31.186 failed - POSSIBLE BREAK-IN ATTEM)][UserSearch=(getaddrinfo for ns.marryaldkfaczcz.com)];[Topic=rtms-stream-mylogs][MessageFound=(29439: synchronized to 10.100.16.250  stratum 3 getaddrinfo for ns.marryaldkfaczcz.com - 1131566885 2005.11.09 cn591 Nov 9 12:08:05 cn59)][UserSearch=(getaddrinfo for ns.marryaldkfaczcz.com)];,getaddrinfo for ns.marryaldkfaczcz.com,0:221250;0:221371;
1.00,3.00,[Topic=rtms-stream-mylogs][MessageFound=(29439: synchronized to 10.100.16.250  stratum 3 getaddrinfo for ns.marryaldkfaczcz.com - 1131566885 2005.11.09 cn591 Nov 9 12:08:05 cn59)][UserSearch=(getaddrinfo for ns.marryaldkfaczcz.com)];[Topic=rtms-stream-mylogs][MessageFound=(.11.09 dn234 Nov 9 12:12:26 dn234/dn234 ntpd11132getaddrinfo for ns.marryaldkfaczcz.com: synchronized to 10.100.28.250  stratum 3 - 1131)][UserSearch=(getaddrinfo for ns.marryaldkfaczcz.com)];[Topic=rtms-stream-mylogs][MessageFound=(datasource - 1131567325 2005.11.09 getaddrinfo for ns.marryaldkfaczcz.comtbird-admin1 Nov 9 12:15:25 local@tbird-admin1 /ap)][UserSearch=(getaddrinfo for ns.marryaldkfaczcz.com)];,getaddrinfo for ns.marryaldkfaczcz.com,0:221371;0:221418;0:221434;
1.00,3.00,[Topic=rtms-stream-mylogs][MessageFound=(55:46 LabSZ sshd24200: reverse mapping checking getaddrinfo for ns.marryaldkfaczcz.com 173.234.31.186 failed - POSSIBLE BREAK-IN ATTEM)][UserSearch=(getaddrinfo for ns.marryaldkfaczcz.com)];[Topic=rtms-stream-mylogs][MessageFound=(29439: synchronized to 10.100.16.250  stratum 3 getaddrinfo for ns.marryaldkfaczcz.com - 1131566885 2005.11.09 cn591 Nov 9 12:08:05 cn59)][UserSearch=(getaddrinfo for ns.marryaldkfaczcz.com)];[Topic=rtms-stream-mylogs][MessageFound=(.11.09 dn234 Nov 9 12:12:26 dn234/dn234 ntpd11132getaddrinfo for ns.marryaldkfaczcz.com: synchronized to 10.100.28.250  stratum 3 - 1131)][UserSearch=(getaddrinfo for ns.marryaldkfaczcz.com)];,getaddrinfo for ns.marryaldkfaczcz.com,0:221761;0:221878;0:221925;
1.00,5.00,[Topic=rtms-stream-mylogs][MessageFound=(29439: synchronized to 10.100.16.250  stratum 3 getaddrinfo for ns.marryaldkfaczcz.com - 1131566885 2005.11.09 cn591 Nov 9 12:08:05 cn59)][UserSearch=(getaddrinfo for ns.marryaldkfaczcz.com)];[Topic=rtms-stream-mylogs][MessageFound=(.11.09 dn234 Nov 9 12:12:26 dn234/dn234 ntpd11132getaddrinfo for ns.marryaldkfaczcz.com: synchronized to 10.100.28.250  stratum 3 - 1131)][UserSearch=(getaddrinfo for ns.marryaldkfaczcz.com)];[Topic=rtms-stream-mylogs][MessageFound=(datasource - 1131567325 2005.11.09 getaddrinfo for ns.marryaldkfaczcz.comtbird-admin1 Nov 9 12:15:25 local@tbird-admin1 /ap)][UserSearch=(getaddrinfo for ns.marryaldkfaczcz.com)];[Topic=rtms-stream-mylogs][MessageFound=(ul 27 14:42:00 combo kernel: isapnp: Scanning for getaddrinfo for ns.marryaldkfaczcz.comPnP cards... Jul 27 14:42:00 combo kernel: isapnp:)][UserSearch=(getaddrinfo for ns.marryaldkfaczcz.com)];[Topic=rtms-stream-mylogs][MessageFound=(55:46 LabSZ sshd24200: reverse mapping checking getaddrinfo for ns.marryaldkfaczcz.com 173.234.31.186 failed - POSSIBLE BREAK-IN ATTEM)][UserSearch=(getaddrinfo for ns.marryaldkfaczcz.com)];,getaddrinfo for ns.marryaldkfaczcz.com,0:221878;0:221925;0:221941;0:221944;0:222020;
1.00,4.00,[Topic=rtms-stream-mylogs][MessageFound=(55:46 LabSZ sshd24200: reverse mapping checking getaddrinfo for ns.marryaldkfaczcz.com 173.234.31.186 failed - POSSIBLE BREAK-IN ATTEM)][UserSearch=(getaddrinfo for ns.marryaldkfaczcz.com)];[Topic=rtms-stream-mylogs][MessageFound=(29439: synchronized to 10.100.16.250  stratum 3 getaddrinfo for ns.marryaldkfaczcz.com - 1131566885 2005.11.09 cn591 Nov 9 12:08:05 cn59)][UserSearch=(getaddrinfo for ns.marryaldkfaczcz.com)];[Topic=rtms-stream-mylogs][MessageFound=(.11.09 dn234 Nov 9 12:12:26 dn234/dn234 ntpd11132getaddrinfo for ns.marryaldkfaczcz.com: synchronized to 10.100.28.250  stratum 3 - 1131)][UserSearch=(getaddrinfo for ns.marryaldkfaczcz.com)];[Topic=rtms-stream-mylogs][MessageFound=(datasource - 1131567325 2005.11.09 getaddrinfo for ns.marryaldkfaczcz.comtbird-admin1 Nov 9 12:15:25 local@tbird-admin1 /ap)][UserSearch=(getaddrinfo for ns.marryaldkfaczcz.com)];,getaddrinfo for ns.marryaldkfaczcz.com,0:222754;0:222875;0:222922;0:222938;
1.00,1.00,[Topic=rtms-stream-mylogs][MessageFound=(55:46 LabSZ sshd24200: reverse mapping checking getaddrinfo for ns.marryaldkfaczcz.com 173.234.31.186 failed - POSSIBLE BREAK-IN ATTEM)][UserSearch=(getaddrinfo for ns.marryaldkfaczcz.com)];,getaddrinfo for ns.marryaldkfaczcz.com,0:224251;
1.00,4.00,[Topic=rtms-stream-mylogs][MessageFound=(29439: synchronized to 10.100.16.250  stratum 3 getaddrinfo for ns.marryaldkfaczcz.com - 1131566885 2005.11.09 cn591 Nov 9 12:08:05 cn59)][UserSearch=(getaddrinfo for ns.marryaldkfaczcz.com)];[Topic=rtms-stream-mylogs][MessageFound=(.11.09 dn234 Nov 9 12:12:26 dn234/dn234 ntpd11132getaddrinfo for ns.marryaldkfaczcz.com: synchronized to 10.100.28.250  stratum 3 - 1131)][UserSearch=(getaddrinfo for ns.marryaldkfaczcz.com)];[Topic=rtms-stream-mylogs][MessageFound=(datasource - 1131567325 2005.11.09 getaddrinfo for ns.marryaldkfaczcz.comtbird-admin1 Nov 9 12:15:25 local@tbird-admin1 /ap)][UserSearch=(getaddrinfo for ns.marryaldkfaczcz.com)];[Topic=rtms-stream-mylogs][MessageFound=(ul 27 14:42:00 combo kernel: isapnp: Scanning for getaddrinfo for ns.marryaldkfaczcz.comPnP cards... Jul 27 14:42:00 combo kernel: isapnp:)][UserSearch=(getaddrinfo for ns.marryaldkfaczcz.com)];,getaddrinfo for ns.marryaldkfaczcz.com,0:224372;0:224419;0:224435;0:224438;
0.00,0.00,na,getaddrinfo for ns.marryaldkfaczcz.com,
1.00,4.00,[Topic=rtms-stream-mylogs][MessageFound=(.11.09 dn234 Nov 9 12:12:26 dn234/dn234 ntpd11132getaddrinfo for ns.marryaldkfaczcz.com: synchronized to 10.100.28.250  stratum 3 - 1131)][UserSearch=(getaddrinfo for ns.marryaldkfaczcz.com)];[Topic=rtms-stream-mylogs][MessageFound=(datasource - 1131567325 2005.11.09 getaddrinfo for ns.marryaldkfaczcz.comtbird-admin1 Nov 9 12:15:25 local@tbird-admin1 /ap)][UserSearch=(getaddrinfo for ns.marryaldkfaczcz.com)];[Topic=rtms-stream-mylogs][MessageFound=(ul 27 14:42:00 combo kernel: isapnp: Scanning for getaddrinfo for ns.marryaldkfaczcz.comPnP cards... Jul 27 14:42:00 combo kernel: isapnp:)][UserSearch=(getaddrinfo for ns.marryaldkfaczcz.com)];[Topic=rtms-stream-mylogs][MessageFound=(55:46 LabSZ sshd24200: reverse mapping checking getaddrinfo for ns.marryaldkfaczcz.com 173.234.31.186 failed - POSSIBLE BREAK-IN ATTEM)][UserSearch=(getaddrinfo for ns.marryaldkfaczcz.com)];,getaddrinfo for ns.marryaldkfaczcz.com,0:225891;0:225907;0:225910;0:225978;
